index,vlaue_pressure1,pred2
2017-09-14 11:00:00,2032.62962963,0.0
2017-09-14 11:30:00,2039.53333333,2308.46363069
2017-09-14 12:00:00,2080.92857143,2094.49779103
2017-09-14 12:30:00,2057.2,2100.43977753
2017-09-14 13:00:00,2207.23333333,2056.01587113
2017-09-14 13:30:00,2259.03333333,2238.67072634
2017-09-14 14:00:00,2228.7,2276.12998335
2017-09-14 14:30:00,1986.63333333,2225.64853563
2017-09-14 15:00:00,2010.3,1934.93899411
2017-09-14 15:30:00,2178.3,2005.16219623
2017-09-14 16:00:00,2182.3,2212.75481083
2017-09-14 16:30:00,2000.33333333,2189.89837209
2017-09-14 17:00:00,1976.5,1963.41273121
2017-09-14 17:30:00,2006.86666667,1964.23178793
2017-09-14 18:00:00,1982.83333333,2010.87166667
2017-09-14 18:30:00,1978.06666667,1978.54538804
2017-09-14 19:00:00,2031.5,1976.21995518
2017-09-14 19:30:00,2239.23333333,2042.41686799
2017-09-14 20:00:00,2312.2962963,2285.22231135
2017-09-14 20:30:00,2396.06666667,2336.73368698
2017-09-14 21:00:00,2392.6,2418.53953753
2017-09-14 21:30:00,2396.96666667,2396.27351309
2017-09-14 22:00:00,2399.5,2398.60850023
2017-09-14 22:30:00,2401.8,2400.35658587
2017-09-14 23:00:00,2392.83333333,2402.45340417
2017-09-14 23:30:00,2380.33333333,2391.06870612
2017-09-15 00:00:00,2389.5,2377.34888221
2017-09-15 00:30:00,2386.3,2390.84989794
2017-09-15 01:00:00,2385.8,2385.88914934
2017-09-15 01:30:00,2384.53333333,2385.61392105
2017-09-15 02:00:00,2377.16666667,2384.22948513
2017-09-15 02:30:00,2384.86666667,2375.55212597
2017-09-15 03:00:00,2379.36666667,2386.17551423
2017-09-15 03:30:00,2375.1,2378.46227803
2017-09-15 04:00:00,2361.66666667,2374.02209523
2017-09-15 04:30:00,2352.26666667,2358.61982017
2017-09-15 05:00:00,2117.93333333,2349.68522467
2017-09-15 05:30:00,1875.26666667,2067.96350639
2017-09-15 06:00:00,1833.26666667,1814.24845717
2017-09-15 06:30:00,1806.56666667,1812.44002066
2017-09-15 07:00:00,1865.53333333,1796.84818419
2017-09-15 07:30:00,1876.23333333,1876.07512222
2017-09-15 08:00:00,1902.56666667,1880.55838712
2017-09-15 08:30:00,1780.2,1908.97301039
2017-09-15 09:00:00,1780.03333333,1755.62627967
2017-09-15 09:30:00,1846.93333333,1775.18106393
2017-09-15 10:00:00,1906.46666667,1860.10361894
2017-09-15 10:30:00,1898.7,1921.61486368
2017-09-15 11:00:00,1847.83333333,3255.63348397
2017-09-15 11:30:00,1912.93333333,1506.05857275
2017-09-15 12:00:00,1924.93103448,1975.95937143
2017-09-15 12:30:00,1968.83333333,1914.14692025
2017-09-15 13:00:00,2115.4,2113.36531862
2017-09-15 13:30:00,2207.2,2164.30089703
2017-09-15 14:00:00,2197.03333333,2160.03657262
2017-09-15 14:30:00,2068.2,1932.39805813
2017-09-15 15:00:00,1840.03333333,2033.51245719
2017-09-15 15:30:00,1840.8,2058.30238888
2017-09-15 16:00:00,1984.16666667,1948.22910047
2017-09-15 16:30:00,1756.26666667,1829.51438137
2017-09-15 17:00:00,1813.76666667,1771.98353971
2017-09-15 17:30:00,1903.86666667,1844.77121041
2017-09-15 18:00:00,1891.13333333,1856.78935169
2017-09-15 18:30:00,1731.23333333,1863.60365133
2017-09-15 19:00:00,1825.8,1828.09802646
2017-09-15 19:30:00,1872.2,2055.06533398
2017-09-15 20:00:00,1879.16666667,2026.2263662
2017-09-15 20:30:00,2206.6,2054.75356534
2017-09-15 21:00:00,2199.3,2181.86372261
2017-09-15 21:30:00,2188.83333333,2187.65316017
2017-09-15 22:00:00,2192.9,2184.21240493
2017-09-15 22:30:00,2184.0,2188.83322961
2017-09-15 23:00:00,2195.16666667,2174.14600094
2017-09-15 23:30:00,2191.26666667,2174.01758448
2017-09-16 00:00:00,2200.53333333,2190.19120774
2017-09-16 00:30:00,2197.4,2188.99127121
2017-09-16 01:00:00,2192.93333333,2190.1408184
2017-09-16 01:30:00,2178.03333333,2187.74231295
2017-09-16 02:00:00,2168.33333333,2172.78305635
2017-09-16 02:30:00,2178.76666667,2178.73881441
2017-09-16 03:00:00,2172.2,2174.29306962
2017-09-16 03:30:00,2162.2,2169.04627914
2017-09-16 04:00:00,2156.93333333,2151.55989906
2017-09-16 04:30:00,2132.5,2145.60280848
2017-09-16 05:00:00,1814.33333333,1899.23825112
2017-09-16 05:30:00,1674.13333333,1602.94383545
2017-09-16 06:00:00,1606.2,1617.47093323
2017-09-16 06:30:00,1642.46875,1577.87743464
2017-09-16 07:00:00,1626.5,1676.31802513
2017-09-16 07:30:00,1672.13333333,1646.21220605
2017-09-16 08:00:00,1589.6,1692.01593039
2017-09-16 08:30:00,1543.5,1503.22750719
2017-09-16 09:00:00,1514.98181818,1543.06011927
2017-09-16 09:30:00,1665.76666667,1593.4099519
2017-09-16 10:00:00,1620.76666667,1701.34293767
2017-09-16 10:30:00,1622.03333333,1628.93482596
2017-09-16 11:00:00,1576.15686275,1564.61560096
2017-09-16 11:30:00,1679.3,1634.3272685
2017-09-16 12:00:00,1624.03448276,1696.82252632
2017-09-16 12:30:00,1611.43333333,1662.3126679
2017-09-16 13:00:00,1847.43333333,1793.02515343
2017-09-16 13:30:00,2012.7,1910.11398543
2017-09-16 14:00:00,1733.46666667,1941.07547878
2017-09-16 14:30:00,1754.5,1620.05035349
2017-09-16 15:00:00,1643.43333333,1605.75290935
2017-09-16 15:30:00,1745.03333333,1686.05399132
2017-09-16 16:00:00,1770.63333333,1779.13223916
2017-09-16 16:30:00,1475.94252874,1548.61006429
2017-09-16 17:00:00,1515.97777778,1522.59253417
2017-09-16 17:30:00,1594.0,1591.73248679
2017-09-16 18:00:00,1557.84375,1577.54248835
2017-09-16 18:30:00,1582.0,1477.06316376
2017-09-16 19:00:00,1737.13333333,1607.71551049
2017-09-16 19:30:00,1814.26666667,1776.05378884
2017-09-16 20:00:00,1890.26666667,1800.27317264
2017-09-16 20:30:00,1941.0,2042.02485434
2017-09-16 21:00:00,2037.46666667,1958.94697873
2017-09-16 21:30:00,2053.06666667,2006.36313093
2017-09-16 22:00:00,2063.2,2022.93121569
2017-09-16 22:30:00,2062.1,2026.81168358
2017-09-16 23:00:00,2054.83333333,2033.78488108
2017-09-16 23:30:00,2076.06666667,2024.57703412
2017-09-17 00:00:00,2075.46666667,2051.49937133
2017-09-17 00:30:00,2060.66666667,2046.54847811
2017-09-17 01:00:00,2058.73333333,2040.13620323
2017-09-17 01:30:00,2060.23333333,2033.33181157
2017-09-17 02:00:00,2064.8,2031.28981552
2017-09-17 02:30:00,2063.76666667,2049.15960921
2017-09-17 03:00:00,2062.1,2039.89920851
2017-09-17 03:30:00,2060.56666667,2036.23369181
2017-09-17 04:00:00,2057.5,2031.40827611
2017-09-17 04:30:00,2050.66666667,2018.01189463
2017-09-17 05:00:00,1757.2,1745.22098952
2017-09-17 05:30:00,1647.16666667,1551.63561406
2017-09-17 06:00:00,1532.7173913,1539.18912949
2017-09-17 06:30:00,1613.5862069,1520.56190299
2017-09-17 07:00:00,1637.1,1580.16437894
2017-09-17 07:30:00,1577.53333333,1616.38244999
2017-09-17 08:00:00,1545.56,1542.9991253
2017-09-17 08:30:00,1527.03703704,1460.70721588
2017-09-17 09:00:00,1533.25531915,1479.74013492
2017-09-17 09:30:00,1597.96666667,1606.40903007
2017-09-17 10:00:00,1581.9,1589.59577053
2017-09-17 10:30:00,1529.80952381,1575.10391704
2017-09-17 11:00:00,1504.14444444,1494.30476645
2017-09-17 11:30:00,1519.27777778,1582.79505191
2017-09-17 12:00:00,1508.95384615,1551.88221742
2017-09-17 12:30:00,1677.62790698,1546.55734053
2017-09-17 13:00:00,1896.93333333,1811.79071604
2017-09-17 13:30:00,1924.13333333,1943.40921359
2017-09-17 14:00:00,1755.46666667,1793.40057462
2017-09-17 14:30:00,1569.7,1655.2843988
2017-09-17 15:00:00,1629.16666667,1505.04881049
2017-09-17 15:30:00,1750.33333333,1674.04855531
2017-09-17 16:00:00,1792.36666667,1750.98098156
2017-09-17 16:30:00,1669.2,1510.14313166
2017-09-17 17:00:00,1564.13333333,1599.80963148
2017-09-17 17:30:00,1581.3,1609.84865703
2017-09-17 18:00:00,1577.03333333,1560.81215429
2017-09-17 18:30:00,1613.83333333,1525.38877899
2017-09-17 19:00:00,1693.9,1670.97539877
2017-09-17 19:30:00,1813.43333333,1770.85678863
2017-09-17 20:00:00,1988.23333333,1833.03955315
2017-09-17 20:30:00,1996.33333333,2051.75054354
2017-09-17 21:00:00,1999.13333333,2020.46146979
2017-09-17 21:30:00,2011.16666667,2010.78554738
2017-09-17 22:00:00,2010.33333333,2020.59606781
2017-09-17 22:30:00,2010.6,2014.80888068
2017-09-17 23:00:00,2014.83333333,2014.34848281
2017-09-17 23:30:00,2015.3,2019.97696964
2017-09-18 00:00:00,2022.33333333,2024.57590727
2017-09-18 00:30:00,1931.46666667,2017.60893875
2017-09-18 01:00:00,1996.83333333,1972.37351655
2017-09-18 01:30:00,1939.13333333,1998.10136155
2017-09-18 02:00:00,2002.56666667,1966.73415712
2017-09-18 02:30:00,2010.96666667,2003.61428611
2017-09-18 03:00:00,2021.83333333,2001.33067017
2017-09-18 03:30:00,2020.13333333,2004.80504202
2017-09-18 04:00:00,2004.03333333,2000.90694471
2017-09-18 04:30:00,1998.9,1983.90948901
2017-09-18 05:00:00,1684.6,1705.24795034
2017-09-18 05:30:00,1581.9,1529.54443209
2017-09-18 06:00:00,1510.42857143,1482.88933544
2017-09-18 06:30:00,1536.453125,1521.07741206
2017-09-18 07:00:00,1579.15384615,1541.35485773
2017-09-18 07:30:00,1631.73333333,1549.46266166
2017-09-18 08:00:00,1599.86666667,1550.44480047
2017-09-18 08:30:00,1514.67142857,1495.22177945
2017-09-18 09:00:00,1523.19277108,1480.40429431
2017-09-18 09:30:00,1530.203125,1584.65528123
2017-09-18 10:00:00,1676.86666667,1541.39774152
2017-09-18 10:30:00,1681.56666667,1593.72924037
2017-09-18 11:00:00,1662.96666667,1568.51526651
2017-09-18 11:30:00,1682.33333333,1647.33512784
2017-09-18 12:00:00,1668.51724138,1636.58277119
2017-09-18 12:30:00,1753.5,1686.38209789
2017-09-18 13:00:00,1692.86666667,1898.79823917
2017-09-18 13:30:00,1871.06666667,1857.03954147
2017-09-18 14:00:00,1720.96666667,1771.86546343
2017-09-18 14:30:00,1615.16666667,1620.65717964
2017-09-18 15:00:00,1635.96666667,1570.52256589
2017-09-18 15:30:00,1768.83333333,1707.49051976
2017-09-18 16:00:00,1816.1,1781.1987068
2017-09-18 16:30:00,1720.76666667,1577.39397101
2017-09-18 17:00:00,1669.9,1624.86270344
2017-09-18 17:30:00,1668.23333333,1666.1751581
2017-09-18 18:00:00,1642.36666667,1625.14983051
2017-09-18 18:30:00,1744.53333333,1599.96821999
2017-09-18 19:00:00,1897.03333333,1761.11030452
2017-09-18 19:30:00,2037.73333333,1909.50667693
2017-09-18 20:00:00,1971.9,2020.43936819
2017-09-18 20:30:00,2049.03333333,2067.82759786
2017-09-18 21:00:00,2057.03333333,2073.37189415
2017-09-18 21:30:00,2048.73333333,2072.13784304
2017-09-18 22:00:00,2062.86666667,2068.17195871
2017-09-18 22:30:00,2064.26666667,2070.34373541
2017-09-18 23:00:00,2065.06666667,2071.44348766
2017-09-18 23:30:00,2076.16666667,2072.8383027
2017-09-19 00:00:00,2080.86666667,2083.3401878
2017-09-19 00:30:00,2077.83333333,2051.78312377
2017-09-19 01:00:00,2082.36666667,2082.49835665
2017-09-19 01:30:00,2087.06666667,2058.02824238
2017-09-19 02:00:00,2081.53333333,2086.16449069
2017-09-19 02:30:00,2083.03333333,2084.21358665
2017-09-19 03:00:00,2091.06666667,2082.19225096
2017-09-19 03:30:00,2092.76666667,2082.52459235
2017-09-19 04:00:00,2094.8,2076.58837154
2017-09-19 04:30:00,2079.36666667,2071.99200708
2017-09-19 05:00:00,1868.86666667,1779.39614614
2017-09-19 05:30:00,1615.9,1675.92841855
2017-09-19 06:00:00,1596.66666667,1553.07873214
2017-09-19 06:30:00,1588.9,1610.13410027
2017-09-19 07:00:00,1633.56666667,1620.67671445
2017-09-19 07:30:00,1664.0,1642.6409465
2017-09-19 08:00:00,1688.06666667,1621.11287404
2017-09-19 08:30:00,1566.7,1582.45148809
2017-09-19 09:00:00,1638.43333333,1556.88326399
2017-09-19 09:30:00,1724.7,1666.03406629
2017-09-19 10:00:00,1726.93333333,1719.16786502
2017-09-19 10:30:00,1713.7,1691.0472431
2017-09-19 11:00:00,1742.33333333,1655.38315634
2017-09-19 11:30:00,1678.0,1738.57922709
2017-09-19 12:00:00,1690.5,1683.18013781
2017-09-19 12:30:00,1741.16666667,1746.41202615
2017-09-19 13:00:00,1915.66666667,1875.93358336
2017-09-19 13:30:00,2001.36666667,2003.74520968
2017-09-19 14:00:00,1947.2,1865.23767798
2017-09-19 14:30:00,1746.53333333,1777.12052509
2017-09-19 15:00:00,1703.9,1698.59579407
2017-09-19 15:30:00,1800.43333333,1805.26772376
2017-09-19 16:00:00,1869.06666667,1853.79605938
2017-09-19 16:30:00,1660.8,1680.626879
2017-09-19 17:00:00,1754.63333333,1649.98259511
2017-09-19 17:30:00,1708.3,1747.32186268
2017-09-19 18:00:00,1740.06666667,1687.1716882
2017-09-19 18:30:00,1749.96666667,1717.79129897
2017-09-19 19:00:00,1757.36666667,1832.67074974
2017-09-19 19:30:00,1792.0,1901.80417555
2017-09-19 20:00:00,1852.13333333,1905.30897897
2017-09-19 20:30:00,2022.53333333,2013.40025194
2017-09-19 21:00:00,2145.36666667,2059.2132106
2017-09-19 21:30:00,2170.36666667,2112.47270706
2017-09-19 22:00:00,2164.26666667,2133.95227891
2017-09-19 22:30:00,2171.66666667,2130.96211113
2017-09-19 23:00:00,2166.23333333,2138.81626735
2017-09-19 23:30:00,2173.36666667,2143.19419663
2017-09-20 00:00:00,2180.13333333,2153.43647016
2017-09-20 00:30:00,2179.06666667,2133.87052352
2017-09-20 01:00:00,2184.83333333,2159.72151105
2017-09-20 01:30:00,2184.9,2146.6204928
2017-09-20 02:00:00,2182.8,2164.78934217
2017-09-20 02:30:00,2183.76666667,2167.6870329
2017-09-20 03:00:00,2189.0,2169.2216275
2017-09-20 03:30:00,2173.73333333,2170.12548432
2017-09-20 04:00:00,2165.26666667,2158.99285511
2017-09-20 04:30:00,2147.6,2146.70720445
2017-09-20 05:00:00,1814.23333333,1872.52749115
2017-09-20 05:30:00,1687.9,1670.29958951
2017-09-20 06:00:00,1637.33333333,1630.01319382
2017-09-20 06:30:00,1703.46666667,1656.90798544
2017-09-20 07:00:00,1726.5,1711.41762205
2017-09-20 07:30:00,1706.66666667,1726.31959811
2017-09-20 08:00:00,1642.93333333,1691.98664035
2017-09-20 08:30:00,1731.86666667,1589.11169662
2017-09-20 09:00:00,1693.8,1686.78090151
2017-09-20 09:30:00,1759.86666667,1742.30132657
2017-09-20 10:00:00,1728.96666667,1769.01646529
2017-09-20 10:30:00,1822.0,1727.18233541
2017-09-20 11:00:00,1745.26666667,1756.98193071
2017-09-20 11:30:00,1776.36666667,1758.02465309
2017-09-20 12:00:00,1788.66666667,1762.18483463
2017-09-20 12:30:00,1818.76666667,1824.00176188
2017-09-20 13:00:00,1990.3,1959.78111284
2017-09-20 13:30:00,1990.86666667,2073.63933199
2017-09-20 14:00:00,1870.76666667,1910.70107935
2017-09-20 14:30:00,1683.36666667,1762.00838055
2017-09-20 15:00:00,1765.1,1689.22280625
2017-09-20 15:30:00,1790.56666667,1851.58722014
2017-09-20 16:00:00,1903.36666667,1870.11383236
2017-09-20 16:30:00,1735.7,1707.62193354
2017-09-20 17:00:00,1731.06666667,1724.58409416
2017-09-20 17:30:00,1776.13333333,1746.36175684
2017-09-20 18:00:00,1713.9,1747.38160226
2017-09-20 18:30:00,1769.5,1725.2284865
2017-09-20 19:00:00,1768.6,1838.8333605
2017-09-20 19:30:00,1831.36666667,1896.6232459
2017-09-20 20:00:00,1865.33333333,1928.78083694
2017-09-20 20:30:00,2184.53333333,2036.5030321
2017-09-20 21:00:00,2194.63333333,2172.17801269
2017-09-20 21:30:00,2190.86666667,2169.58656724
2017-09-20 22:00:00,2208.06666667,2171.14015921
2017-09-20 22:30:00,2205.36666667,2181.03980861
2017-09-20 23:00:00,2205.36666667,2181.39388853
2017-09-20 23:30:00,2200.1,2188.59720351
2017-09-21 00:00:00,2199.53333333,2192.04309502
2017-09-21 00:30:00,2204.0,2171.3231872
2017-09-21 01:00:00,2190.46666667,2195.55334439
2017-09-21 01:30:00,2204.96666667,2174.19985995
2017-09-21 02:00:00,2211.6,2194.81669416
2017-09-21 02:30:00,2178.66666667,2201.05398919
2017-09-21 03:00:00,2186.46666667,2185.85149893
2017-09-21 03:30:00,2184.93333333,2183.03234476
2017-09-21 04:00:00,2176.53333333,2177.72852196
2017-09-21 04:30:00,2176.7,2163.94758532
2017-09-21 05:00:00,1751.4,1884.6562153
2017-09-21 05:30:00,1693.86666667,1654.81626527
2017-09-21 06:00:00,1687.63333333,1640.97404023
2017-09-21 06:30:00,1680.23333333,1699.09241969
2017-09-21 07:00:00,1781.26666667,1711.20887239
2017-09-21 07:30:00,1752.53333333,1756.37932946
2017-09-21 08:00:00,1713.73333333,1712.83978031
2017-09-21 08:30:00,1654.9,1664.07208905
2017-09-21 09:00:00,1720.23333333,1660.33813154
2017-09-21 09:30:00,1750.0,1765.70179358
2017-09-21 10:00:00,1758.03333333,1764.13445152
2017-09-21 10:30:00,1822.13333333,1767.30443671
2017-09-21 11:00:00,1788.43333333,1760.51262243
2017-09-21 11:30:00,1760.93333333,1791.37204549
2017-09-21 12:00:00,1755.96666667,1767.07757365
2017-09-21 12:30:00,1804.36666667,1813.18729087
2017-09-21 13:00:00,2051.36666667,1961.39974413
2017-09-21 13:30:00,2136.5,2092.98965234
2017-09-21 14:00:00,1861.63333333,1981.08634221
2017-09-21 14:30:00,1717.63333333,1756.47610209
2017-09-21 15:00:00,1702.0,1730.46220304
2017-09-21 15:30:00,1909.56666667,1820.42825874
2017-09-21 16:00:00,1860.86666667,1942.9129206
2017-09-21 16:30:00,1858.76666667,1703.83231916
2017-09-21 17:00:00,1812.43333333,1794.47059691
2017-09-21 17:30:00,1771.26666667,1807.54339777
2017-09-21 18:00:00,1768.33333333,1754.37936495
2017-09-21 18:30:00,1793.03333333,1774.34375588
2017-09-21 19:00:00,1848.76666667,1855.70404268
2017-09-21 19:30:00,1917.3,1943.33001704
2017-09-21 20:00:00,1918.63333333,1980.07594989
2017-09-21 20:30:00,2168.13333333,2109.81786247
2017-09-21 21:00:00,2218.56666667,2187.09243499
2017-09-21 21:30:00,2219.16666667,2202.46677169
2017-09-21 22:00:00,2221.6,2208.99733465
2017-09-21 22:30:00,2221.73333333,2208.66096771
2017-09-21 23:00:00,2212.6,2209.65550702
2017-09-21 23:30:00,2230.0,2209.19765138
2017-09-22 00:00:00,2224.43333333,2222.29416412
2017-09-22 00:30:00,2224.2,2203.10855231
2017-09-22 01:00:00,2224.4,2218.55734696
2017-09-22 01:30:00,2229.2,2209.72141829
2017-09-22 02:00:00,2228.73333333,2223.69739049
2017-09-22 02:30:00,2221.2,2219.2452103
2017-09-22 03:00:00,2218.1,2220.27656968
2017-09-22 03:30:00,2227.23333333,2213.28173912
2017-09-22 04:00:00,2220.33333333,2212.86971758
2017-09-22 04:30:00,2219.13333333,2203.02003065
2017-09-22 05:00:00,1898.96666667,1899.22923259
2017-09-22 05:30:00,1728.7,1751.81166379
2017-09-22 06:00:00,1706.13333333,1688.23686291
2017-09-22 06:30:00,1655.93333333,1725.34777435
2017-09-22 07:00:00,1751.8,1731.15728396
2017-09-22 07:30:00,1819.96666667,1758.35625788
2017-09-22 08:00:00,1684.73333333,1762.0670887
2017-09-22 08:30:00,1713.56666667,1660.62184928
2017-09-22 09:00:00,1672.2,1713.3322819
2017-09-22 09:30:00,1774.03333333,1752.93475722
2017-09-22 10:00:00,1813.93333333,1787.0349195
2017-09-22 10:30:00,1800.5,1814.10268862
2017-09-22 11:00:00,1731.23333333,1767.45567782
2017-09-22 11:30:00,1753.83333333,1767.68366809
2017-09-22 12:00:00,1727.5,1767.82354409
2017-09-22 12:30:00,1810.56666667,1803.28901743
2017-09-22 13:00:00,1984.4,1981.994138
2017-09-22 13:30:00,2132.06666667,2071.7330942
2017-09-22 14:00:00,2024.36666667,1960.70655129
2017-09-22 14:30:00,1772.6,1833.96282674
2017-09-22 15:00:00,1768.23333333,1759.60495119
2017-09-22 15:30:00,1935.73333333,1879.08296222
2017-09-22 16:00:00,1859.3,1954.1975543
2017-09-22 16:30:00,1723.03333333,1739.22861675
2017-09-22 17:00:00,1738.23333333,1739.63109682
2017-09-22 17:30:00,1767.8,1767.06139186
2017-09-22 18:00:00,1837.13333333,1755.07142491
2017-09-22 18:30:00,1869.23333333,1810.26018693
2017-09-22 19:00:00,1872.63333333,1897.27080001
2017-09-22 19:30:00,1793.46666667,1958.77705991
2017-09-22 20:00:00,1905.8,1916.08995183
2017-09-22 20:30:00,2157.13333333,2109.44169911
2017-09-22 21:00:00,2178.43333333,2185.61279477
2017-09-22 21:30:00,2174.96666667,2183.54713817
2017-09-22 22:00:00,2178.66666667,2185.22710421
2017-09-22 22:30:00,2173.66666667,2184.05836713
2017-09-22 23:00:00,2184.53333333,2179.28274825
2017-09-22 23:30:00,2176.93333333,2190.34035712
2017-09-23 00:00:00,2195.1,2187.40384365
2017-09-23 00:30:00,2088.06666667,2180.88375388
2017-09-23 01:00:00,2184.2,2140.6224848
2017-09-23 01:30:00,2180.63333333,2175.94672079
2017-09-23 02:00:00,2169.33333333,2183.35738531
2017-09-23 02:30:00,2182.63333333,2173.12078259
2017-09-23 03:00:00,2177.5,2182.26356097
2017-09-23 03:30:00,2176.86666667,2176.71724216
2017-09-23 04:00:00,2174.3,2170.24857649
2017-09-23 04:30:00,2176.46666667,2163.00230995
2017-09-23 05:00:00,1845.5,1861.3128978
2017-09-23 05:30:00,1732.73333333,1700.62938854
2017-09-23 06:00:00,1666.86666667,1671.67868679
2017-09-23 06:30:00,1654.83333333,1676.70705265
2017-09-23 07:00:00,1733.83333333,1713.96830761
2017-09-23 07:30:00,1805.6,1742.61907689
2017-09-23 08:00:00,1705.86666667,1726.6160067
2017-09-23 08:30:00,1633.03333333,1664.753509
2017-09-23 09:00:00,1658.9,1652.23850524
2017-09-23 09:30:00,1649.2,1734.71741014
2017-09-23 10:00:00,1773.0,1714.25641466
2017-09-23 10:30:00,1783.56666667,1771.00979191
2017-09-23 11:00:00,1685.26666667,1733.37709235
2017-09-23 11:30:00,1690.93333333,1725.06051642
2017-09-23 12:00:00,1657.6,1711.87988714
2017-09-23 12:30:00,1737.96666667,1749.58685753
2017-09-23 13:00:00,1850.63333333,1922.48336093
2017-09-23 13:30:00,1931.4,1989.66507199
2017-09-23 14:00:00,2034.63333333,1845.02382329
2017-09-23 14:30:00,1836.73333333,1797.27838265
2017-09-23 15:00:00,1816.46666667,1763.66271897
2017-09-23 15:30:00,1869.46666667,1885.38494694
2017-09-23 16:00:00,1778.46666667,1889.25181665
2017-09-23 16:30:00,1647.0,1671.64915551
2017-09-23 17:00:00,1666.36666667,1678.05316298
2017-09-23 17:30:00,1666.93333333,1707.75259856
2017-09-23 18:00:00,1714.46666667,1690.84082394
2017-09-23 18:30:00,1681.43333333,1729.08840412
2017-09-23 19:00:00,1855.03333333,1768.49810627
2017-09-23 19:30:00,1861.23333333,1889.46989064
2017-09-23 20:00:00,1887.93333333,1915.96987814
2017-09-23 20:30:00,1982.3,2078.29469751
2017-09-23 21:00:00,2179.66666667,2069.99513981
2017-09-23 21:30:00,2206.93333333,2150.78704605
2017-09-23 22:00:00,2210.93333333,2171.37775499
2017-09-23 22:30:00,2213.86666667,2174.03465069
2017-09-23 23:00:00,2216.1,2179.61854033
2017-09-23 23:30:00,2221.7,2187.03714144
2017-09-24 00:00:00,2233.86666667,2197.32295098
2017-09-24 00:30:00,2238.53333333,2176.03274384
2017-09-24 01:00:00,2230.53333333,2215.11913531
2017-09-24 01:30:00,2238.16666667,2199.87343129
2017-09-24 02:00:00,2237.43333333,2212.6716569
2017-09-24 02:30:00,2229.36666667,2213.76513109
2017-09-24 03:00:00,2224.1,2212.89510737
2017-09-24 03:30:00,2238.36666667,2209.0895513
2017-09-24 04:00:00,2242.5,2212.16432342
2017-09-24 04:30:00,2225.96666667,2211.35065473
2017-09-24 05:00:00,1985.5,1898.49305935
2017-09-24 05:30:00,1760.6,1791.71317415
2017-09-24 06:00:00,1710.53333333,1705.14128833
2017-09-24 06:30:00,1789.43333333,1717.06524592
2017-09-24 07:00:00,1786.03333333,1804.16378739
2017-09-24 07:30:00,1788.7,1801.2038777
2017-09-24 08:00:00,1797.7,1741.54080587
2017-09-24 08:30:00,1674.26666667,1726.49866395
2017-09-24 09:00:00,1659.23333333,1698.5971035
2017-09-24 09:30:00,1735.7,1745.29586466
2017-09-24 10:00:00,1818.06666667,1786.92097622
2017-09-24 10:30:00,1844.23333333,1819.04423685
2017-09-24 11:00:00,1821.23333333,1780.82756715
2017-09-24 11:30:00,1820.83333333,1812.68789109
2017-09-24 12:00:00,1774.62068966,1798.6511272
2017-09-24 12:30:00,1799.63333333,1838.1109631
2017-09-24 13:00:00,1917.36666667,1977.59404308
2017-09-24 13:30:00,2126.13333333,2047.60403565
2017-09-24 14:00:00,2103.2,2001.12183235
2017-09-24 14:30:00,1950.0,1878.41110595
2017-09-24 15:00:00,1810.3,1866.80251015
2017-09-24 15:30:00,1936.03333333,1919.44522247
2017-09-24 16:00:00,1936.03333333,1946.48188628
2017-09-24 16:30:00,1867.5,1783.98842228
2017-09-24 17:00:00,1787.23333333,1827.55534581
2017-09-24 17:30:00,1893.2,1809.81543274
2017-09-24 18:00:00,1819.36666667,1853.95762482
2017-09-24 18:30:00,1890.9,1828.19877507
2017-09-24 19:00:00,1927.43333333,1940.25429594
2017-09-24 19:30:00,1924.73333333,1984.84078406
2017-09-24 20:00:00,1938.16666667,2001.04067788
2017-09-24 20:30:00,2145.53333333,2143.65995114
2017-09-24 21:00:00,2235.2,2218.76838614
2017-09-24 21:30:00,2240.33333333,2241.05304336
2017-09-24 22:00:00,2237.66666667,2245.68949454
2017-09-24 22:30:00,2249.56666667,2241.78962019
2017-09-24 23:00:00,2252.06666667,2247.72430251
2017-09-24 23:30:00,2250.3,2252.87256468
2017-09-25 00:00:00,2246.2,2256.88922437
2017-09-25 00:30:00,2237.23333333,2230.87520001
2017-09-25 01:00:00,2246.86666667,2250.4453939
2017-09-25 01:30:00,2238.16666667,2244.72663818
2017-09-25 02:00:00,2238.63333333,2245.71532026
2017-09-25 02:30:00,2225.26666667,2242.82917324
2017-09-25 03:00:00,2229.96666667,2236.59274747
2017-09-25 03:30:00,2239.1,2237.66662423
2017-09-25 04:00:00,2236.26666667,2236.45707314
2017-09-25 04:30:00,2223.9,2227.94029302
2017-09-25 05:00:00,1960.73333333,1925.72945446
2017-09-25 05:30:00,1798.7,1788.70296648
2017-09-25 06:00:00,1736.93333333,1737.02064679
2017-09-25 06:30:00,1828.36666667,1753.3168147
2017-09-25 07:00:00,1778.6,1833.38189635
2017-09-25 07:30:00,1801.06666667,1807.46561706
2017-09-25 08:00:00,1834.8,1767.56292858
2017-09-25 08:30:00,1810.56666667,1749.8406758
2017-09-25 09:00:00,1882.5,1773.40087565
2017-09-25 09:30:00,1840.53333333,1875.38267936
2017-09-25 10:00:00,1928.03333333,1868.54054836
2017-09-25 10:30:00,1918.16666667,1906.05332041
2017-09-25 11:00:00,1849.9,1855.74476512
2017-09-25 11:30:00,1820.0,1860.61132056
2017-09-25 12:00:00,1896.21428571,1826.40738134
2017-09-25 12:30:00,1839.56666667,1921.70868805
2017-09-25 13:00:00,2059.73333333,2022.0290863
2017-09-25 13:30:00,2147.26666667,2160.00098475
2017-09-25 14:00:00,1925.53333333,2053.55118087
2017-09-25 14:30:00,1802.53333333,1828.51131926
2017-09-25 15:00:00,1793.16666667,1803.9396284
2017-09-25 15:30:00,2005.9,1924.20363776
2017-09-25 16:00:00,1929.2,1992.08785984
2017-09-25 16:30:00,2007.33333333,1803.37210294
2017-09-25 17:00:00,1847.3,1903.08541758
2017-09-25 17:30:00,1869.46666667,1867.42220443
2017-09-25 18:00:00,1795.26666667,1854.09407053
2017-09-25 18:30:00,1878.66666667,1839.5514001
2017-09-25 19:00:00,1866.63333333,1942.18697377
2017-09-25 19:30:00,1947.53333333,1957.46163083
2017-09-25 20:00:00,2209.0,2011.37666674
2017-09-25 20:30:00,2261.93333333,2289.01414148
2017-09-25 21:00:00,2289.66666667,2295.63053737
2017-09-25 21:30:00,2282.2,2289.60523692
2017-09-25 22:00:00,2292.7,2287.79952632
2017-09-25 22:30:00,2274.4,2292.31782459
2017-09-25 23:00:00,2284.4,2283.13683251
2017-09-25 23:30:00,2281.06666667,2290.18238934
2017-09-26 00:00:00,2285.23333333,2291.72934274
2017-09-26 00:30:00,2282.6,2270.88377396
2017-09-26 01:00:00,2289.63333333,2293.25761232
2017-09-26 01:30:00,2284.93333333,2285.48195442
2017-09-26 02:00:00,2292.96666667,2288.77554641
2017-09-26 02:30:00,2276.93333333,2288.7723025
2017-09-26 03:00:00,2278.96666667,2283.26882226
2017-09-26 03:30:00,2275.46666667,2283.97582232
2017-09-26 04:00:00,2266.33333333,2276.40544748
2017-09-26 04:30:00,2257.4,2264.21611477
2017-09-26 05:00:00,1885.76666667,1966.33821821
2017-09-26 05:30:00,1785.86666667,1774.00709922
2017-09-26 06:00:00,1758.03333333,1745.88480888
2017-09-26 06:30:00,1762.66666667,1785.16378428
2017-09-26 07:00:00,1797.36666667,1806.91937022
2017-09-26 07:30:00,1860.6,1825.14956329
2017-09-26 08:00:00,1782.9,1813.64000224
2017-09-26 08:30:00,1697.36666667,1743.72325664
2017-09-26 09:00:00,1714.0,1738.83419036
2017-09-26 09:30:00,1829.48275862,1787.90687485
2017-09-26 10:00:00,1835.46666667,1863.03929709
2017-09-26 10:30:00,1920.4,1853.82546538
2017-09-26 11:00:00,1799.46666667,1844.76050767
2017-09-26 11:30:00,1844.03333333,1820.77847253
2017-09-26 12:00:00,1872.96551724,1836.73615519
2017-09-26 12:30:00,1932.3,1892.32979176
2017-09-26 13:00:00,2047.73333333,2065.78091189
2017-09-26 13:30:00,2173.53333333,2146.81509864
2017-09-26 14:00:00,1993.46666667,2044.67532751
2017-09-26 14:30:00,1816.8,1855.42034638
2017-09-26 15:00:00,1948.03333333,1812.31425864
2017-09-26 15:30:00,2039.83333333,2013.26750872
2017-09-26 16:00:00,1986.0,2010.80371663
2017-09-26 16:30:00,1829.33333333,1864.2821735
2017-09-26 17:00:00,1773.7,1819.338189
2017-09-26 17:30:00,1848.26666667,1830.59344045
2017-09-26 18:00:00,1821.63333333,1835.39475671
2017-09-26 18:30:00,1835.83333333,1853.44646533
2017-09-26 19:00:00,1905.53333333,1910.70040375
2017-09-26 19:30:00,1881.46666667,1974.33923944
2017-09-26 20:00:00,2163.6,2002.85414364
2017-09-26 20:30:00,2251.8,2259.07205116
2017-09-26 21:00:00,2248.2,2283.66755248
2017-09-26 21:30:00,2250.43333333,2262.23477496
2017-09-26 22:00:00,2259.03333333,2265.5479654
2017-09-26 22:30:00,2166.06666667,2265.12756534
2017-09-26 23:00:00,2265.36666667,2220.00181794
2017-09-26 23:30:00,2164.4,2266.52925634
2017-09-27 00:00:00,2257.7,2219.88485745
2017-09-27 00:30:00,2274.46666667,2241.27988558
2017-09-27 01:00:00,2263.3,2272.12517912
2017-09-27 01:30:00,2273.4,2256.83421758
2017-09-27 02:00:00,2275.0,2268.37796885
2017-09-27 02:30:00,2277.5,2264.36012136
2017-09-27 03:00:00,2281.83333333,2269.32139918
2017-09-27 03:30:00,2280.23333333,2271.79816567
2017-09-27 04:00:00,2269.13333333,2266.34474851
2017-09-27 04:30:00,2256.83333333,2254.9383111
2017-09-27 05:00:00,1933.1,1946.51107227
2017-09-27 05:30:00,1798.73333333,1790.94460705
2017-09-27 06:00:00,1756.2,1748.77005899
2017-09-27 06:30:00,1851.16666667,1775.67508826
2017-09-27 07:00:00,1797.16666667,1847.89711841
2017-09-27 07:30:00,1756.33333333,1830.35870908
2017-09-27 08:00:00,1815.06666667,1756.61446769
2017-09-27 08:30:00,1815.3,1748.57283946
2017-09-27 09:00:00,1844.46666667,1790.12223205
2017-09-27 09:30:00,1854.86666667,1862.83218524
2017-09-27 10:00:00,1865.66666667,1880.3240772
2017-09-27 10:30:00,1910.76666667,1886.40053242
2017-09-27 11:00:00,1816.96666667,1844.72845556
2017-09-27 11:30:00,1855.2,1842.11331525
2017-09-27 12:00:00,1863.82758621,1853.66508341
2017-09-27 12:30:00,1898.1,1902.89681822
2017-09-27 13:00:00,1952.83333333,2052.86054418
2017-09-27 13:30:00,1971.76666667,2107.38571169
2017-09-27 14:00:00,2001.8,1940.4050456
2017-09-27 14:30:00,1817.56666667,1846.1624765
2017-09-27 15:00:00,1851.4,1820.42531738
2017-09-27 15:30:00,1976.76666667,1958.32993295
2017-09-27 16:00:00,1921.83333333,1966.4870471
2017-09-27 16:30:00,1856.4,1809.6897907
2017-09-27 17:00:00,1874.2,1814.03621055
2017-09-27 17:30:00,1949.36666667,1870.68816311
2017-09-27 18:00:00,1864.86666667,1879.65491511
2017-09-27 18:30:00,1876.36666667,1871.1038471
2017-09-27 19:00:00,1877.1,1933.44354252
2017-09-27 19:30:00,2111.76666667,1952.56435439
2017-09-27 20:00:00,2271.13333333,2133.59559917
2017-09-27 20:30:00,2275.66666667,2324.97154231
2017-09-27 21:00:00,2277.86666667,2307.66211302
2017-09-27 21:30:00,2272.56666667,2291.51451666
2017-09-27 22:00:00,2280.1,2291.25891389
2017-09-27 22:30:00,2281.4,2279.73743127
2017-09-27 23:00:00,2286.63333333,2297.72929417
2017-09-27 23:30:00,2224.13333333,2284.314787
2017-09-28 00:00:00,2174.16666667,2272.34213742
2017-09-28 00:30:00,2291.76666667,2221.92274368
2017-09-28 01:00:00,2282.4,2293.19444701
2017-09-28 01:30:00,2293.5,2281.22598361
2017-09-28 02:00:00,2287.56666667,2291.69591505
2017-09-28 02:30:00,2292.63333333,2284.81209811
2017-09-28 03:00:00,2285.93333333,2290.22483588
2017-09-28 03:30:00,2295.73333333,2286.38803313
2017-09-28 04:00:00,2293.4,2285.16441098
2017-09-28 04:30:00,2277.6,2277.71964064
2017-09-28 05:00:00,1961.83333333,1967.736257
2017-09-28 05:30:00,1821.73333333,1816.36856716
2017-09-28 06:00:00,1779.46666667,1771.6557884
2017-09-28 06:30:00,1759.16666667,1807.4141658
2017-09-28 07:00:00,1821.83333333,1807.00101844
2017-09-28 07:30:00,1944.2,1838.85809273
2017-09-28 08:00:00,1807.53333333,1864.62317202
2017-09-28 08:30:00,1772.0,1768.09588531
2017-09-28 09:00:00,1822.83333333,1787.94950257
2017-09-28 09:30:00,1802.3,1859.53503908
2017-09-28 10:00:00,1884.8,1860.42213882
2017-09-28 10:30:00,1888.23333333,1901.51789862
2017-09-28 11:00:00,1780.23333333,1836.15370624
2017-09-28 11:30:00,1800.26666667,1827.81383535
2017-09-28 12:00:00,1779.86666667,1827.41095132
2017-09-28 12:30:00,1762.3,1857.66206468
2017-09-28 13:00:00,1910.13333333,1968.53389754
2017-09-28 13:30:00,2020.73333333,2058.92885862
2017-09-28 14:00:00,2038.7,1960.92943628
2017-09-28 14:30:00,1953.0,1853.77946797
2017-09-28 15:00:00,2000.73333333,1882.40324436
2017-09-28 15:30:00,2048.06666667,2035.53243307
2017-09-28 16:00:00,1867.4,2005.87199698
2017-09-28 16:30:00,1872.46666667,1798.76693771
2017-09-28 17:00:00,1877.43333333,1836.90661497
2017-09-28 17:30:00,1889.2,1887.65661421
2017-09-28 18:00:00,1921.26666667,1854.7299141
2017-09-28 18:30:00,1870.73333333,1903.50231812
2017-09-28 19:00:00,2007.16666667,1930.03397006
2017-09-28 19:30:00,2234.76666667,2042.5498446
2017-09-28 20:00:00,2261.73333333,2216.89162513
2017-09-28 20:30:00,2251.9,2330.17482679
2017-09-28 21:00:00,2248.13333333,2306.58051498
2017-09-28 21:30:00,2265.83333333,2285.65613341
2017-09-28 22:00:00,2271.9,2295.22659583
2017-09-28 22:30:00,2270.13333333,2285.56668715
2017-09-28 23:00:00,2272.66666667,2295.91990132
2017-09-28 23:30:00,2284.06666667,2278.23583043
2017-09-29 00:00:00,2286.03333333,2294.56650231
2017-09-29 00:30:00,2275.66666667,2291.41866627
2017-09-29 01:00:00,2288.0,2295.23154905
2017-09-29 01:30:00,2288.36666667,2294.27389603
2017-09-29 02:00:00,2291.96666667,2297.16561888
2017-09-29 02:30:00,2291.96666667,2295.17990515
2017-09-29 03:00:00,2296.8,2296.20528954
2017-09-29 03:30:00,2298.53333333,2299.07264349
2017-09-29 04:00:00,2297.56666667,2293.72376716
2017-09-29 04:30:00,2294.56666667,2285.59304583
2017-09-29 05:00:00,1973.06666667,1981.4690947
2017-09-29 05:30:00,1832.63333333,1828.16571549
2017-09-29 06:00:00,1773.63333333,1783.54747593
2017-09-29 06:30:00,1817.8,1803.00299674
2017-09-29 07:00:00,1838.36666667,1844.26701964
2017-09-29 07:30:00,1788.16666667,1867.8598088
2017-09-29 08:00:00,1751.96666667,1785.82221336
2017-09-29 08:30:00,1823.2,1738.24131652
2017-09-29 09:00:00,1885.56666667,1812.87126586
2017-09-29 09:30:00,1902.8,1884.2660271
2017-09-29 10:00:00,1940.13333333,1916.38121089
2017-09-29 10:30:00,1932.9,1934.0994527
2017-09-29 11:00:00,1849.83333333,1861.97596419
2017-09-29 11:30:00,1902.6,1869.49707622
2017-09-29 12:00:00,1885.9,1885.83910321
2017-09-29 12:30:00,1968.5,1916.89430261
2017-09-29 13:00:00,2236.26666667,2087.96566931
2017-09-29 13:30:00,2222.5,2249.5489542
2017-09-29 14:00:00,2214.06666667,2109.46904794
2017-09-29 14:30:00,2041.03333333,1999.30254833
2017-09-29 15:00:00,1896.4,1988.4086661
2017-09-29 15:30:00,1928.53333333,2033.40469955
2017-09-29 16:00:00,1900.16666667,1971.96371537
2017-09-29 16:30:00,1807.0,1852.33254141
2017-09-29 17:00:00,1890.53333333,1835.96326358
2017-09-29 17:30:00,1895.1,1915.65782927
2017-09-29 18:00:00,1937.33333333,1886.83796361
2017-09-29 18:30:00,1927.43333333,1927.84887574
2017-09-29 19:00:00,1925.63333333,1986.95127786
2017-09-29 19:30:00,1907.9,2037.95021406
2017-09-29 20:00:00,1907.0,2067.97092867
2017-09-29 20:30:00,2188.23333333,2142.08402582
2017-09-29 21:00:00,2267.33333333,2249.79087764
2017-09-29 21:30:00,2258.1,2273.14237171
2017-09-29 22:00:00,2263.6,2271.47272679
2017-09-29 22:30:00,2270.7,2263.42906059
2017-09-29 23:00:00,2121.13333333,2278.77752455
2017-09-29 23:30:00,2266.43333333,2190.62645439
2017-09-30 00:00:00,2284.36666667,2267.64848924
2017-09-30 00:30:00,2290.86666667,2268.59134239
2017-09-30 01:00:00,2291.53333333,2285.50231249
2017-09-30 01:30:00,2192.73333333,2280.55583826
2017-09-30 02:00:00,2276.0,2235.69558754
2017-09-30 02:30:00,2272.03333333,2270.33973577
2017-09-30 03:00:00,2288.06666667,2270.87411387
2017-09-30 03:30:00,2290.36666667,2279.43680231
2017-09-30 04:00:00,2279.26666667,2275.87983167
2017-09-30 04:30:00,2284.53333333,2264.35460661
2017-09-30 05:00:00,2047.46666667,1963.04922213
2017-09-30 05:30:00,1830.2,1853.94125215
2017-09-30 06:00:00,1764.2,1773.79086345
2017-09-30 06:30:00,1793.3,1794.29399659
2017-09-30 07:00:00,1809.4,1824.4829468
2017-09-30 07:30:00,1846.46666667,1835.17391191
2017-09-30 08:00:00,1717.3,1805.12646382
2017-09-30 08:30:00,1722.2,1725.5538792
2017-09-30 09:00:00,1720.5,1763.58123528
2017-09-30 09:30:00,1826.4,1795.10607491
2017-09-30 10:00:00,1877.6,1863.39610141
2017-09-30 10:30:00,1921.1,1884.28365632
2017-09-30 11:00:00,1932.86666667,1836.37430995
2017-09-30 11:30:00,1931.66666667,1896.92811384
2017-09-30 12:00:00,1936.5,1888.93067142
2017-09-30 12:30:00,1993.46666667,1939.94559308
2017-09-30 13:00:00,2071.3,2110.64016005
2017-09-30 13:30:00,2092.56666667,2160.007923
2017-09-30 14:00:00,2014.0,2040.76729538
2017-09-30 14:30:00,1924.36666667,1883.39784942
2017-09-30 15:00:00,1903.3,1892.16992278
2017-09-30 15:30:00,2036.96666667,1997.38760284
2017-09-30 16:00:00,2057.16666667,1997.17589236
2017-09-30 16:30:00,1853.56666667,1906.82801516
2017-09-30 17:00:00,1835.9,1855.27459505
2017-09-30 17:30:00,1900.9,1880.36085821
2017-09-30 18:00:00,1988.06666667,1885.61740652
2017-09-30 18:30:00,1970.73333333,1947.36459358
2017-09-30 19:00:00,1870.66666667,1996.72601049
2017-09-30 19:30:00,2043.23333333,1990.62259952
2017-09-30 20:00:00,2245.3,2114.21223731
2017-09-30 20:30:00,2242.5,2321.63719699
2017-09-30 21:00:00,2295.43333333,2298.97438202
2017-09-30 21:30:00,2284.86666667,2305.63244308
2017-09-30 22:00:00,2297.5,2303.5948665
2017-09-30 22:30:00,2298.83333333,2299.95379659
2017-09-30 23:00:00,2286.96666667,2295.40260037
2017-09-30 23:30:00,2213.8,2299.46682393
2017-10-01 00:00:00,2300.4,2267.22355422
2017-10-01 00:30:00,2180.43333333,2298.51826651
2017-10-01 01:00:00,2231.93333333,2249.02781049
2017-10-01 01:30:00,2302.2,2252.90699469
2017-10-01 02:00:00,2244.3,2302.31245073
2017-10-01 02:30:00,2296.53333333,2266.51248608
2017-10-01 03:00:00,2288.23333333,2294.16747059
2017-10-01 03:30:00,2288.0,2290.17254436
2017-10-01 04:00:00,2281.8,2283.56689361
2017-10-01 04:30:00,2280.6,2275.19598897
2017-10-01 05:00:00,2030.73333333,1977.11924925
2017-10-01 05:30:00,1831.5,1849.19411312
2017-10-01 06:00:00,1785.83333333,1778.53118364
2017-10-01 06:30:00,1824.5,1809.14992914
2017-10-01 07:00:00,1834.4,1843.75592471
2017-10-01 07:30:00,1868.36666667,1856.83432907
2017-10-01 08:00:00,1806.6,1814.54517149
2017-10-01 08:30:00,1729.86666667,1774.95127098
2017-10-01 09:00:00,1746.76666667,1771.73343261
2017-10-01 09:30:00,1878.6,1821.08781303
2017-10-01 10:00:00,1892.86666667,1900.75363046
2017-10-01 10:30:00,1834.23333333,1907.59549092
2017-10-01 11:00:00,1777.13333333,1814.50328961
2017-10-01 11:30:00,1752.93333333,1827.72101339
2017-10-01 12:00:00,1825.2,1802.29015212
2017-10-01 12:30:00,1794.03333333,1878.20559688
2017-10-01 13:00:00,1902.3,1988.5157319
2017-10-01 13:30:00,2124.36666667,2046.66228955
2017-10-01 14:00:00,2143.06666667,2023.10799283
2017-10-01 14:30:00,1974.93333333,1927.15152888
2017-10-01 15:00:00,1946.8,1905.23730267
2017-10-01 15:30:00,2022.0,2014.04580236
2017-10-01 16:00:00,2031.5,1988.98021905
2017-10-01 16:30:00,1807.86666667,1881.15654987
2017-10-01 17:00:00,1751.93333333,1820.06979781
2017-10-01 17:30:00,1744.8,1830.57266562
2017-10-01 18:00:00,1775.7,1803.03976069
2017-10-01 18:30:00,1750.63333333,1823.80224654
2017-10-01 19:00:00,1941.33333333,1847.5046751
2017-10-01 19:30:00,2036.96666667,1999.21660033
2017-10-01 20:00:00,2053.63333333,2099.64199459
2017-10-01 20:30:00,2048.46666667,2190.14142642
2017-10-01 21:00:00,2269.3,2168.02836737
2017-10-01 21:30:00,2336.43333333,2251.97460592
2017-10-01 22:00:00,2327.6,2292.68411087
2017-10-01 22:30:00,2331.16666667,2284.25810143
2017-10-01 23:00:00,2343.4,2288.53738156
2017-10-01 23:30:00,2338.56666667,2295.0544703
2017-10-02 00:00:00,2331.53333333,2315.32489722
2017-10-02 00:30:00,2339.2,2291.7978169
2017-10-02 01:00:00,2203.6,2319.3565186
2017-10-02 01:30:00,2320.9,2246.55312609
2017-10-02 02:00:00,2317.3,2304.15432221
2017-10-02 02:30:00,2322.4,2306.38756648
2017-10-02 03:00:00,2322.93333333,2309.79610452
2017-10-02 03:30:00,2319.46666667,2311.64484092
2017-10-02 04:00:00,2311.26666667,2304.85231174
2017-10-02 04:30:00,2314.66666667,2296.71808457
2017-10-02 05:00:00,1946.13333333,2004.95671176
2017-10-02 05:30:00,1863.83333333,1813.88914977
2017-10-02 06:00:00,1810.2,1799.3083244
2017-10-02 06:30:00,1805.83333333,1827.6902769
2017-10-02 07:00:00,1843.56666667,1839.2702366
2017-10-02 07:30:00,1869.43333333,1866.4072625
2017-10-02 08:00:00,1790.63333333,1820.59194953
2017-10-02 08:30:00,1762.36666667,1766.16402363
2017-10-02 09:00:00,1837.93333333,1789.19830703
2017-10-02 09:30:00,1915.1,1875.7565642
2017-10-02 10:00:00,1972.8,1925.7441861
2017-10-02 10:30:00,1976.83333333,1948.21924166
2017-10-02 11:00:00,1911.2,1891.65132614
2017-10-02 11:30:00,1820.26666667,1904.08871413
2017-10-02 12:00:00,1817.55172414,1859.14011989
2017-10-02 12:30:00,1797.3,1887.80461264
2017-10-02 13:00:00,1963.1,2003.13481442
2017-10-02 13:30:00,2067.43333333,2105.32034799
2017-10-02 14:00:00,2222.83333333,2026.79071541
2017-10-02 14:30:00,1925.43333333,1986.14546511
2017-10-02 15:00:00,1987.26666667,1901.87873501
2017-10-02 15:30:00,1953.33333333,2047.83103987
2017-10-02 16:00:00,2040.06666667,1971.44290305
2017-10-02 16:30:00,1745.53333333,1889.24667427
2017-10-02 17:00:00,1793.53333333,1791.63368703
2017-10-02 17:30:00,1882.16666667,1847.82241779
2017-10-02 18:00:00,1797.03333333,1873.45045523
2017-10-02 18:30:00,1894.2,1839.35612756
2017-10-02 19:00:00,2004.56666667,1944.43111096
2017-10-02 19:30:00,2078.1,2051.46207256
2017-10-02 20:00:00,2087.23333333,2131.89299246
2017-10-02 20:30:00,2089.26666667,2214.49617816
2017-10-02 21:00:00,2084.06666667,2217.7229848
2017-10-02 21:30:00,2093.96666667,2187.13927273
2017-10-02 22:00:00,2099.96666667,2183.32026906
2017-10-02 22:30:00,2095.7,2171.11628978
2017-10-02 23:00:00,2107.0,2162.1408301
2017-10-02 23:30:00,2104.73333333,2159.064924
2017-10-03 00:00:00,2115.26666667,2166.08581915
2017-10-03 00:30:00,2116.9,2150.29373304
2017-10-03 01:00:00,2099.96666667,2149.92405607
2017-10-03 01:30:00,2112.06666667,2147.70152469
2017-10-03 02:00:00,2112.1,2149.2381589
2017-10-03 02:30:00,2125.63333333,2146.54079508
2017-10-03 03:00:00,2127.9,2150.57791563
2017-10-03 03:30:00,2120.06666667,2149.26479653
2017-10-03 04:00:00,2116.0,2137.1226708
2017-10-03 04:30:00,2101.93333333,2129.06497283
2017-10-03 05:00:00,2004.46666667,1817.28327028
2017-10-03 05:30:00,1996.76666667,1771.77421891
2017-10-03 06:00:00,1917.76666667,1800.19456393
2017-10-03 06:30:00,1832.2,1825.01383293
2017-10-03 07:00:00,1909.66666667,1809.23605966
2017-10-03 07:30:00,2001.93333333,1861.05219356
2017-10-03 08:00:00,1955.63333333,1852.65509932
2017-10-03 08:30:00,1812.43333333,1827.24291809
2017-10-03 09:00:00,1863.26666667,1807.17900368
2017-10-03 09:30:00,1948.63333333,1881.81988385
2017-10-03 10:00:00,1874.06666667,1940.37364884
2017-10-03 10:30:00,1957.03333333,1898.50867116
2017-10-03 11:00:00,1902.53333333,1875.50211502
2017-10-03 11:30:00,1940.6,1884.37226868
2017-10-03 12:00:00,1857.10344828,1906.27770262
2017-10-03 12:30:00,1941.93333333,1898.89674508
2017-10-03 13:00:00,2160.13333333,2074.03453343
2017-10-03 13:30:00,2334.56666667,2205.47476445
2017-10-03 14:00:00,2318.03333333,2192.15565716
2017-10-03 14:30:00,2045.13333333,2053.47076603
2017-10-03 15:00:00,1998.63333333,1997.66264834
2017-10-03 15:30:00,2123.7,2075.72922052
2017-10-03 16:00:00,2129.7,2091.45776434
2017-10-03 16:30:00,2281.03333333,1956.63950395
2017-10-03 17:00:00,1870.4,2097.62410407
2017-10-03 17:30:00,1844.36666667,1949.05963766
2017-10-03 18:00:00,1844.76666667,1903.16872987
2017-10-03 18:30:00,1873.6,1918.78143909
2017-10-03 19:00:00,1946.46666667,1983.6152115
2017-10-03 19:30:00,2066.46666667,2064.54352057
2017-10-03 20:00:00,2083.4,2156.88854577
2017-10-03 20:30:00,2315.5,2234.43019501
2017-10-03 21:00:00,2357.3,2343.07590187
2017-10-03 21:30:00,2354.63333333,2348.4957704
2017-10-03 22:00:00,2361.13333333,2350.09656903
2017-10-03 22:30:00,2365.5,2346.64782611
2017-10-03 23:00:00,2365.36666667,2351.07014009
2017-10-03 23:30:00,2373.4,2349.69541762
2017-10-04 00:00:00,2361.6,2368.6517478
2017-10-04 00:30:00,2363.4,2348.39796575
2017-10-04 01:00:00,2376.3,2354.72945269
2017-10-04 01:30:00,2373.43333333,2367.78710872
2017-10-04 02:00:00,2378.6,2368.11402656
2017-10-04 02:30:00,2361.4,2373.08515913
2017-10-04 03:00:00,2377.86666667,2365.18959111
2017-10-04 03:30:00,2376.66666667,2372.29233733
2017-10-04 04:00:00,2381.96666667,2366.58161637
2017-10-04 04:30:00,2369.9,2364.75375805
2017-10-04 05:00:00,2116.66666667,2079.06879552
2017-10-04 05:30:00,1899.63333333,1958.762547
2017-10-04 06:00:00,1838.9,1867.6202219
2017-10-04 06:30:00,1821.83333333,1877.29465547
2017-10-04 07:00:00,1895.53333333,1891.91320347
2017-10-04 07:30:00,1970.9,1937.84021428
2017-10-04 08:00:00,1914.7,1910.83327225
2017-10-04 08:30:00,1838.23333333,1861.07053007
2017-10-04 09:00:00,1806.56666667,1872.76892428
2017-10-04 09:30:00,1851.7,1903.84023607
2017-10-04 10:00:00,1973.8,1922.33926942
2017-10-04 10:30:00,2002.6,1983.50169122
2017-10-04 11:00:00,1872.8,1932.3624012
2017-10-04 11:30:00,1937.26666667,1907.99231317
2017-10-04 12:00:00,1891.56666667,1927.73385164
2017-10-04 12:30:00,1988.96666667,1946.63990015
2017-10-04 13:00:00,2208.43333333,2130.22802042
2017-10-04 13:30:00,2291.46666667,2266.19038598
2017-10-04 14:00:00,2293.6,2200.79442975
2017-10-04 14:30:00,2064.36666667,2061.12925824
2017-10-04 15:00:00,2039.56666667,2021.44775594
2017-10-04 15:30:00,2101.3,2118.77665098
2017-10-04 16:00:00,2177.86666667,2098.10652916
2017-10-04 16:30:00,2272.23333333,2028.49605123
2017-10-04 17:00:00,1907.76666667,2086.25514686
2017-10-04 17:30:00,1933.16666667,1969.7814513
2017-10-04 18:00:00,1904.6,1957.38501991
2017-10-04 18:30:00,1877.0,1959.35598515
2017-10-04 19:00:00,2035.1,1997.66997085
2017-10-04 19:30:00,2074.56666667,2124.45029431
2017-10-04 20:00:00,2071.76666667,2173.81934422
2017-10-04 20:30:00,2226.96666667,2256.73823276
2017-10-04 21:00:00,2334.86666667,2318.35929652
2017-10-04 21:30:00,2345.83333333,2349.57984325
2017-10-04 22:00:00,2344.8,2356.31903777
2017-10-04 22:30:00,2343.43333333,2348.4919868
2017-10-04 23:00:00,2341.93333333,2347.7165904
2017-10-04 23:30:00,2350.26666667,2345.01524405
2017-10-05 00:00:00,2353.0,2359.7199939
2017-10-05 00:30:00,2351.66666667,2347.0907288
2017-10-05 01:00:00,2360.5,2352.52178588
2017-10-05 01:30:00,2356.4,2360.95960315
2017-10-05 02:00:00,2361.26666667,2360.48649505
2017-10-05 02:30:00,2363.4,2362.09716255
2017-10-05 03:00:00,2358.56666667,2365.58965498
2017-10-05 03:30:00,2349.03333333,2361.70791765
2017-10-05 04:00:00,2346.73333333,2351.92996846
2017-10-05 04:30:00,2337.2,2344.42463408
2017-10-05 05:00:00,1933.96666667,2056.38772618
2017-10-05 05:30:00,1878.53333333,1849.59609908
2017-10-05 06:00:00,1833.2,1837.12939475
2017-10-05 06:30:00,1815.96666667,1855.18568687
2017-10-05 07:00:00,1866.13333333,1873.95217901
2017-10-05 07:30:00,1953.96666667,1910.75490933
2017-10-05 08:00:00,1918.56666667,1887.97613393
2017-10-05 08:30:00,1775.3,1849.44916978
2017-10-05 09:00:00,1843.13333333,1823.00691339
2017-10-05 09:30:00,1892.1,1903.10605867
2017-10-05 10:00:00,1886.2,1939.55774913
2017-10-05 10:30:00,1952.3,1933.10487354
2017-10-05 11:00:00,1923.6,1890.59400738
2017-10-05 11:30:00,1882.83333333,1923.24893331
2017-10-05 12:00:00,1975.65517241,1890.24045021
2017-10-05 12:30:00,2012.73333333,1981.8605272
2017-10-05 13:00:00,2126.2,2142.27024105
2017-10-05 13:30:00,2258.16666667,2220.62981233
2017-10-05 14:00:00,2313.73333333,2182.39320052
2017-10-05 14:30:00,1950.63333333,2063.93526118
2017-10-05 15:00:00,2001.03333333,1959.79203762
2017-10-05 15:30:00,2132.5,2085.72917727
2017-10-05 16:00:00,2075.13333333,2108.4038924
2017-10-05 16:30:00,2069.1,1982.20103576
2017-10-05 17:00:00,1826.53333333,1960.40951077
2017-10-05 17:30:00,1904.7,1906.75167131
2017-10-05 18:00:00,1920.03333333,1916.44388077
2017-10-05 18:30:00,1894.2,1938.14816966
2017-10-05 19:00:00,2060.8,1991.06601472
2017-10-05 19:30:00,2091.3,2115.73404566
2017-10-05 20:00:00,2114.13333333,2160.55626042
2017-10-05 20:30:00,2373.66666667,2261.29375467
2017-10-05 21:00:00,2388.83333333,2384.39196191
2017-10-05 21:30:00,2382.03333333,2375.13512149
2017-10-05 22:00:00,2390.86666667,2374.75746384
2017-10-05 22:30:00,2398.8,2373.83553272
2017-10-05 23:00:00,2371.5,2379.63954864
2017-10-05 23:30:00,2312.06666667,2366.9094656
2017-10-06 00:00:00,2386.7,2347.99289181
2017-10-06 00:30:00,2399.53333333,2369.37499497
2017-10-06 01:00:00,2403.96666667,2383.16503321
2017-10-06 01:30:00,2400.36666667,2390.27588108
2017-10-06 02:00:00,2402.8,2391.71347115
2017-10-06 02:30:00,2406.16666667,2393.88924488
2017-10-06 03:00:00,2402.3,2397.57367992
2017-10-06 03:30:00,2406.76666667,2394.7961152
2017-10-06 04:00:00,2403.0,2393.33472613
2017-10-06 04:30:00,2394.9,2386.62733675
2017-10-06 05:00:00,2130.26666667,2088.93993867
2017-10-06 05:30:00,1887.76666667,1969.33714773
2017-10-06 06:00:00,1855.5,1866.88364458
2017-10-06 06:30:00,1880.66666667,1887.07515843
2017-10-06 07:00:00,1951.73333333,1927.34482633
2017-10-06 07:30:00,1867.66666667,1979.57049381
2017-10-06 08:00:00,1861.53333333,1871.99614981
2017-10-06 08:30:00,1823.26666667,1832.8233864
2017-10-06 09:00:00,1855.43333333,1864.42585243
2017-10-06 09:30:00,1968.96666667,1924.33687176
2017-10-06 10:00:00,1916.23333333,1985.92803668
2017-10-06 10:30:00,2006.73333333,1965.72281332
2017-10-06 11:00:00,1857.66666667,1938.63008457
2017-10-06 11:30:00,1919.33333333,1902.94026446
2017-10-06 12:00:00,1832.64285714,1929.8040177
2017-10-06 12:30:00,1892.3,1924.81169832
2017-10-06 13:00:00,2098.23333333,2083.35192518
2017-10-06 13:30:00,2133.43333333,2208.16142059
2017-10-06 14:00:00,2153.26666667,2126.96139442
2017-10-06 14:30:00,1928.5,1965.00621692
2017-10-06 15:00:00,1933.43333333,1937.16139665
2017-10-06 15:30:00,2092.03333333,2042.0174864
2017-10-06 16:00:00,1999.7,2066.73639679
2017-10-06 16:30:00,1773.53333333,1929.18643047
2017-10-06 17:00:00,1768.16666667,1785.94626746
2017-10-06 17:30:00,1813.8,1847.46377115
2017-10-06 18:00:00,1819.1,1841.89081645
2017-10-06 18:30:00,1835.03333333,1853.5911131
2017-10-06 19:00:00,1903.46666667,1933.04624073
2017-10-06 19:30:00,1977.76666667,2002.47391006
2017-10-06 20:00:00,2045.5,2064.39825098
2017-10-06 20:30:00,2265.33333333,2198.39239282
2017-10-06 21:00:00,2383.1,2291.10786972
2017-10-06 21:30:00,2326.23333333,2332.65841053
2017-10-06 22:00:00,2391.13333333,2311.73512408
2017-10-06 22:30:00,2391.63333333,2340.43671053
2017-10-06 23:00:00,2383.5,2342.92997096
2017-10-06 23:30:00,2393.3,2338.02184929
2017-10-07 00:00:00,2400.7,2366.0815441
2017-10-07 00:30:00,2398.96666667,2358.9728217
2017-10-07 01:00:00,2386.46666667,2367.06818306
2017-10-07 01:30:00,2387.57142857,2366.66310498
2017-10-07 02:00:00,2401.3,2371.08837024
2017-10-07 02:30:00,2406.16666667,2379.87607125
2017-10-07 03:00:00,2406.0,2385.10667621
2017-10-07 03:30:00,2405.33333333,2386.23022427
2017-10-07 04:00:00,2407.1,2383.07690008
2017-10-07 04:30:00,2403.7,2380.00539411
2017-10-07 05:00:00,2217.4,2091.68138557
2017-10-07 05:30:00,1903.43333333,1997.64063463
2017-10-07 06:00:00,1840.9,1871.32253176
2017-10-07 06:30:00,1832.0,1878.66814546
2017-10-07 07:00:00,1935.1,1903.25233554
2017-10-07 07:30:00,2000.83333333,1955.72493855
2017-10-07 08:00:00,1904.0,1932.51587451
2017-10-07 08:30:00,1837.26666667,1857.30352527
2017-10-07 09:00:00,1886.93333333,1874.10472153
2017-10-07 09:30:00,1854.3,1948.74223482
2017-10-07 10:00:00,1937.56666667,1928.65740847
2017-10-07 10:30:00,1937.26666667,1979.04086159
2017-10-07 11:00:00,1906.4,1896.04440928
2017-10-07 11:30:00,1881.2,1926.95737403
2017-10-07 12:00:00,1850.20689655,1899.4398415
2017-10-07 12:30:00,1955.06666667,1927.77853893
2017-10-07 13:00:00,2101.2,2115.4619821
2017-10-07 13:30:00,2283.1,2203.9500492
2017-10-07 14:00:00,2113.63333333,2202.96560841
2017-10-07 14:30:00,1922.26666667,1953.53259785
2017-10-07 15:00:00,1963.2,1938.7433788
2017-10-07 15:30:00,2097.13333333,2065.49674805
2017-10-07 16:00:00,1995.33333333,2070.19450652
2017-10-07 16:30:00,1904.93333333,1916.41331028
2017-10-07 17:00:00,1928.33333333,1858.86201822
2017-10-07 17:30:00,1931.83333333,1935.65801679
2017-10-07 18:00:00,1914.86666667,1916.32271268
2017-10-07 18:30:00,1938.66666667,1922.39137566
2017-10-07 19:00:00,2020.26666667,2004.33791115
2017-10-07 19:30:00,2066.83333333,2085.91436635
2017-10-07 20:00:00,2366.8,2138.06126377
2017-10-07 20:30:00,2358.0,2393.64055284
2017-10-07 21:00:00,2359.23333333,2388.82296313
2017-10-07 21:30:00,2350.76666667,2363.30545545
2017-10-07 22:00:00,2356.36666667,2368.91924163
2017-10-07 22:30:00,2373.26666667,2362.64894132
2017-10-07 23:00:00,2353.63333333,2368.24473244
2017-10-07 23:30:00,2379.86666667,2356.29761096
2017-10-08 00:00:00,2373.4,2384.42400858
2017-10-08 00:30:00,2285.9,2368.24224434
2017-10-08 01:00:00,2370.7,2328.48840983
2017-10-08 01:30:00,2357.46666667,2370.39372292
2017-10-08 02:00:00,2368.46666667,2366.73947477
2017-10-08 02:30:00,2383.93333333,2371.56901092
2017-10-08 03:00:00,2380.13333333,2379.70538033
2017-10-08 03:30:00,2380.3,2377.23913517
2017-10-08 04:00:00,2360.4,2373.53672956
2017-10-08 04:30:00,2355.43333333,2358.31541813
2017-10-08 05:00:00,2152.86666667,2075.41344226
2017-10-08 05:30:00,1890.4,1954.42726141
2017-10-08 06:00:00,1845.76666667,1855.28768275
2017-10-08 06:30:00,1920.13333333,1870.11151301
2017-10-08 07:00:00,1898.26666667,1943.61862728
2017-10-08 07:30:00,1871.36666667,1942.73242878
2017-10-08 08:00:00,1846.06666667,1862.24314686
2017-10-08 08:30:00,1811.3,1817.91485509
2017-10-08 09:00:00,1876.7,1851.72568879
2017-10-08 09:30:00,1883.56666667,1923.07366433
2017-10-08 10:00:00,1953.96666667,1935.57750064
2017-10-08 10:30:00,1958.13333333,1974.44973948
2017-10-08 11:00:00,1794.5,1903.00215895
2017-10-08 11:30:00,1781.53333333,1861.4493487
2017-10-08 12:00:00,1823.93333333,1837.74787994
2017-10-08 12:30:00,1854.63333333,1904.32120562
2017-10-08 13:00:00,2188.46666667,2049.96486743
2017-10-08 13:30:00,2314.6,2239.7219328
2017-10-08 14:00:00,2178.16666667,2198.88692903
2017-10-08 14:30:00,1922.0,1975.50500269
2017-10-08 15:00:00,1989.33333333,1936.05695924
2017-10-08 15:30:00,2098.73333333,2075.76331549
2017-10-08 16:00:00,2018.36666667,2063.38821012
2017-10-08 16:30:00,1854.56666667,1928.48668268
2017-10-08 17:00:00,1934.0,1839.24522738
2017-10-08 17:30:00,1969.73333333,1935.69631428
2017-10-08 18:00:00,1885.66666667,1933.05040652
2017-10-08 18:30:00,1885.46666667,1908.9950569
2017-10-08 19:00:00,1986.7,1977.7561429
2017-10-08 19:30:00,1993.26666667,2063.71322606
2017-10-08 20:00:00,2344.9,2116.45448283
2017-10-08 20:30:00,2352.0,2369.26477394
2017-10-08 21:00:00,2343.73333333,2372.1607927
2017-10-08 21:30:00,2354.0,2346.43069942
2017-10-08 22:00:00,2357.93333333,2359.29052548
2017-10-08 22:30:00,2366.0,2355.8693248
2017-10-08 23:00:00,2369.16666667,2355.84330564
2017-10-08 23:30:00,2368.26666667,2358.64594919
2017-10-09 00:00:00,2371.56666667,2371.86233152
2017-10-09 00:30:00,2371.0,2354.03935432
2017-10-09 01:00:00,2368.96666667,2369.86858171
2017-10-09 01:30:00,2368.83333333,2367.72544447
2017-10-09 02:00:00,2367.33333333,2371.6357527
2017-10-09 02:30:00,2368.4,2371.78815472
2017-10-09 03:00:00,2370.43333333,2371.69398141
2017-10-09 03:30:00,2366.63333333,2371.66902261
2017-10-09 04:00:00,2365.3,2364.00356262
2017-10-09 04:30:00,2358.76666667,2358.45899128
2017-10-09 05:00:00,2131.6,2079.63908424
2017-10-09 05:30:00,1906.53333333,1939.70848463
2017-10-09 06:00:00,1892.06666667,1861.56883519
2017-10-09 06:30:00,1879.86666667,1898.14594638
2017-10-09 07:00:00,1980.66666667,1919.98934995
2017-10-09 07:30:00,1957.76666667,1976.07529194
2017-10-09 08:00:00,2024.16666667,1908.23450504
2017-10-09 08:30:00,1877.46666667,1914.31756349
2017-10-09 09:00:00,1888.43333333,1901.64488926
2017-10-09 09:30:00,1888.73333333,1944.37084261
2017-10-09 10:00:00,1957.76666667,1955.14666191
2017-10-09 10:30:00,1990.8,1990.2380752
2017-10-09 11:00:00,2031.46666667,1922.68711915
2017-10-09 11:30:00,1984.3,1987.91525399
2017-10-09 12:00:00,1993.86206897,1962.94551403
2017-10-09 12:30:00,2036.36666667,2015.26583656
2017-10-09 13:00:00,2256.3,2189.48021456
2017-10-09 13:30:00,1977.76666667,2319.35601231
2017-10-09 14:00:00,1954.2,2070.58938179
2017-10-09 14:30:00,1882.83333333,1879.8362829
2017-10-09 15:00:00,1946.0,1928.53050327
2017-10-09 15:30:00,2112.7,2060.6548216
2017-10-09 16:00:00,2016.06666667,2071.31288031
2017-10-09 16:30:00,2016.16666667,1924.54594016
2017-10-09 17:00:00,1888.66666667,1929.76949676
2017-10-09 17:30:00,2015.83333333,1926.28097309
2017-10-09 18:00:00,1965.7,1959.2037479
2017-10-09 18:30:00,2018.96666667,1955.31568883
2017-10-09 19:00:00,2033.7,2056.73053839
2017-10-09 19:30:00,2209.9,2098.41777831
2017-10-09 20:00:00,2300.7,2256.79667208
2017-10-09 20:30:00,2143.03333333,2372.41671342
2017-10-09 21:00:00,2193.13333333,2286.93141209
2017-10-09 21:30:00,2368.96666667,2281.39642931
2017-10-09 22:00:00,2370.46666667,2368.49107196
2017-10-09 22:30:00,2374.23333333,2364.84570632
2017-10-09 23:00:00,2371.1,2363.98651156
2017-10-09 23:30:00,2381.16666667,2362.47168216
2017-10-10 00:00:00,2382.83333333,2381.05777111
2017-10-10 00:30:00,2378.6,2366.11646035
2017-10-10 01:00:00,2384.16666667,2375.6369481
2017-10-10 01:30:00,2379.8,2378.95186403
2017-10-10 02:00:00,2380.9,2380.29797558
2017-10-10 02:30:00,2378.73333333,2381.74308806
2017-10-10 03:00:00,2376.5,2380.80402493
2017-10-10 03:30:00,2365.13333333,2378.34472336
2017-10-10 04:00:00,2367.33333333,2367.74033612
2017-10-10 04:30:00,2357.83333333,2363.16820543
2017-10-10 05:00:00,2057.66666667,2085.02124594
2017-10-10 05:30:00,1890.13333333,1904.4001372
2017-10-10 06:00:00,1870.76666667,1855.50738033
2017-10-10 06:30:00,1789.7,1883.14324259
2017-10-10 07:00:00,1918.9,1878.86314619
2017-10-10 07:30:00,1949.83333333,1938.9025576
2017-10-10 08:00:00,1836.73333333,1906.17716548
2017-10-10 08:30:00,1886.2,1808.98149064
2017-10-10 09:00:00,1908.66666667,1887.92728645
2017-10-10 09:30:00,1906.6,1936.37789953
2017-10-10 10:00:00,1979.96666667,1951.83794877
2017-10-10 10:30:00,1965.16666667,1991.82543143
2017-10-10 11:00:00,1832.8,1914.07374593
2017-10-10 11:30:00,1929.63333333,1881.46993659
2017-10-10 12:00:00,1978.75862069,1921.51645851
2017-10-10 12:30:00,1978.33333333,1992.73253013
2017-10-10 13:00:00,2182.0,2145.57535062
2017-10-10 13:30:00,2144.4,2232.25997686
2017-10-10 14:00:00,1966.2,2124.73369715
2017-10-10 14:30:00,1903.8,1877.30055407
2017-10-10 15:00:00,2001.9,1930.52256538
2017-10-10 15:30:00,2068.4,2085.75928027
2017-10-10 16:00:00,2072.33333333,2041.92442722
2017-10-10 16:30:00,1931.93333333,1957.31877599
2017-10-10 17:00:00,1969.23333333,1879.30742674
2017-10-10 17:30:00,2017.46666667,1967.69672586
2017-10-10 18:00:00,1964.3,1960.23847163
2017-10-10 18:30:00,1933.33333333,1959.39165008
2017-10-10 19:00:00,1974.26666667,2010.2433021
2017-10-10 19:30:00,2056.73333333,2074.88703638
2017-10-10 20:00:00,2287.73333333,2170.23293878
2017-10-10 20:30:00,2356.33333333,2332.42511558
2017-10-10 21:00:00,2347.93333333,2373.25278149
2017-10-10 21:30:00,2291.3,2364.50318453
2017-10-10 22:00:00,2352.76666667,2335.23114107
2017-10-10 22:30:00,2318.26666667,2357.82850306
2017-10-10 23:00:00,2368.43333333,2336.54714496
2017-10-10 23:30:00,2365.56666667,2360.17814509
2017-10-11 00:00:00,2371.3,2371.17716084
2017-10-11 00:30:00,2367.0,2358.29068738
2017-10-11 01:00:00,2378.43333333,2367.51773959
2017-10-11 01:30:00,2372.16666667,2372.83678176
2017-10-11 02:00:00,2379.9,2373.37582535
2017-10-11 02:30:00,2362.86666667,2377.7519095
2017-10-11 03:00:00,2372.4,2369.45900727
2017-10-11 03:30:00,2354.93333333,2371.76410732
2017-10-11 04:00:00,2355.8,2359.19711665
2017-10-11 04:30:00,2354.56666667,2353.38215229
2017-10-11 05:00:00,2129.93333333,2075.882244
2017-10-11 05:30:00,1889.53333333,1936.77975063
2017-10-11 06:00:00,1843.43333333,1855.96059826
2017-10-11 06:30:00,1856.03333333,1861.90121817
2017-10-11 07:00:00,1978.56666667,1912.95934033
2017-10-11 07:30:00,1974.96666667,1972.39975915
2017-10-11 08:00:00,1909.63333333,1914.51900572
2017-10-11 08:30:00,1875.4,1858.6609072
2017-10-11 09:00:00,1832.7,1892.99720469
2017-10-11 09:30:00,1857.73333333,1904.1898583
2017-10-11 10:00:00,1964.3,1932.4918199
2017-10-11 10:30:00,1905.2,1981.88886197
2017-10-11 11:00:00,1938.33333333,1873.7060316
2017-10-11 11:30:00,1919.5,1935.43174099
2017-10-11 12:00:00,1956.66666667,1922.56585907
2017-10-11 12:30:00,1953.43333333,1981.2214009
2017-10-11 13:00:00,2093.66666667,2134.55382451
2017-10-11 13:30:00,2082.13333333,2188.00129305
2017-10-11 14:00:00,2090.46666667,2077.72398659
2017-10-11 14:30:00,1938.43333333,1934.34246726
2017-10-11 15:00:00,2020.26666667,1952.58076046
2017-10-11 15:30:00,1986.36666667,2092.8857435
2017-10-11 16:00:00,2107.63333333,2006.36933261
2017-10-11 16:30:00,1958.73333333,1968.09491583
2017-10-11 17:00:00,1934.66666667,1900.91087799
2017-10-11 17:30:00,1997.23333333,1953.07342152
2017-10-11 18:00:00,2049.06666667,1949.35226716
2017-10-11 18:30:00,1984.53333333,1996.25853664
2017-10-11 19:00:00,2075.83333333,2035.77504451
2017-10-11 19:30:00,2109.23333333,2126.03994941
2017-10-11 20:00:00,2395.83333333,2214.30523187
2017-10-11 20:30:00,2396.66666667,2405.14149831
2017-10-11 21:00:00,2395.33333333,2408.36594468
2017-10-11 21:30:00,2407.73333333,2394.89502797
2017-10-11 22:00:00,2411.93333333,2411.06646282
2017-10-11 22:30:00,2412.73333333,2403.79853145
2017-10-11 23:00:00,2297.7,2407.33875073
2017-10-11 23:30:00,2366.43333333,2347.98121793
2017-10-12 00:00:00,2359.06666667,2389.35312313
2017-10-12 00:30:00,2410.8,2368.70554536
2017-10-12 01:00:00,2421.3,2404.24713409
2017-10-12 01:30:00,2428.76666667,2409.03426239
2017-10-12 02:00:00,2424.7,2417.71669756
2017-10-12 02:30:00,2413.03333333,2415.6328504
2017-10-12 03:00:00,2421.06666667,2412.13929633
2017-10-12 03:30:00,2438.83333333,2412.96392559
2017-10-12 04:00:00,2431.33333333,2419.50379452
2017-10-12 04:30:00,2419.83333333,2412.21870323
2017-10-12 05:00:00,2116.4,2136.24240591
2017-10-12 05:30:00,1911.3,1949.57763764
2017-10-12 06:00:00,1888.1,1885.81730079
2017-10-12 06:30:00,1841.83333333,1905.72954348
2017-10-12 07:00:00,1937.13333333,1930.19115718
2017-10-12 07:30:00,1959.26666667,1968.80001862
2017-10-12 08:00:00,1981.4,1921.5614403
2017-10-12 08:30:00,1877.03333333,1905.78012575
2017-10-12 09:00:00,1865.5,1902.00471473
2017-10-12 09:30:00,1904.06666667,1930.11237337
2017-10-12 10:00:00,1966.73333333,1970.76535726
2017-10-12 10:30:00,1932.13333333,1991.15682396
2017-10-12 11:00:00,1936.8,1907.54102337
2017-10-12 11:30:00,2020.33333333,1944.88651108
2017-10-12 12:00:00,2015.73333333,1986.12576931
2017-10-12 12:30:00,1929.6,2024.03996483
2017-10-12 13:00:00,2006.03333333,2134.65889976
2017-10-12 13:30:00,2159.86666667,2151.32608901
2017-10-12 14:00:00,2322.53333333,2130.36522234
2017-10-12 14:30:00,1960.26666667,2061.74756773
2017-10-12 15:00:00,2001.4,1988.63530844
2017-10-12 15:30:00,2039.6,2094.92245678
2017-10-12 16:00:00,2061.86666667,2058.38004238
2017-10-12 16:30:00,1910.16666667,1963.17547698
2017-10-12 17:00:00,1941.53333333,1891.52468434
2017-10-12 17:30:00,1940.16666667,1969.6794322
2017-10-12 18:00:00,2053.76666667,1939.15942947
2017-10-12 18:30:00,1954.1,2004.63650944
2017-10-12 19:00:00,1979.6,2030.87556112
2017-10-12 19:30:00,1990.3,2080.71688282
2017-10-12 20:00:00,2112.73333333,2166.17524776
2017-10-12 20:30:00,2275.36666667,2255.48558057
2017-10-12 21:00:00,2389.66666667,2327.92907489
2017-10-12 21:30:00,2399.73333333,2371.87842139
2017-10-12 22:00:00,2402.3,2385.51349592
2017-10-12 22:30:00,2400.9,2381.19346079
2017-10-12 23:00:00,2331.8,2373.07681231
2017-10-12 23:30:00,2397.2,2349.53184155
2017-10-13 00:00:00,2404.3,2388.43617547
2017-10-13 00:30:00,2411.53333333,2383.7541705
2017-10-13 01:00:00,2399.96666667,2397.95154164
2017-10-13 01:30:00,2400.5,2392.97239868
2017-10-13 02:00:00,2409.03333333,2396.56526548
2017-10-13 02:30:00,2401.16666667,2399.90306508
2017-10-13 03:00:00,2413.26666667,2398.86625467
2017-10-13 03:30:00,2407.06666667,2403.88793474
2017-10-13 04:00:00,2406.53333333,2397.22034582
2017-10-13 04:30:00,2388.46666667,2392.16163497
2017-10-13 05:00:00,2217.13333333,2108.81626654
2017-10-13 05:30:00,1932.7,1988.78440862
2017-10-13 06:00:00,1910.1,1893.39511444
2017-10-13 06:30:00,1874.53333333,1909.22351365
2017-10-13 07:00:00,1921.53333333,1944.43140325
2017-10-13 07:30:00,1969.66666667,1960.67521298
2017-10-13 08:00:00,1915.16666667,1931.85761277
2017-10-13 08:30:00,1827.63333333,1869.91314346
2017-10-13 09:00:00,1871.0,1872.77879291
2017-10-13 09:30:00,1928.0,1926.94992942
2017-10-13 10:00:00,1974.2,1977.41025318
2017-10-13 10:30:00,1907.9,1989.18550667
2017-10-13 11:00:00,1907.33333333,1894.22469088
2017-10-13 11:30:00,2013.96666667,1933.86605394
2017-10-13 12:00:00,1986.7,1980.41445103
2017-10-13 12:30:00,2021.33333333,1998.16033823
2017-10-13 13:00:00,2147.43333333,2165.79698845
2017-10-13 13:30:00,2275.23333333,2225.5796738
2017-10-13 14:00:00,2109.96666667,2210.81586649
2017-10-13 14:30:00,1967.8,1957.66447095
2017-10-13 15:00:00,1985.13333333,1991.92122226
2017-10-13 15:30:00,2111.96666667,2085.3530945
2017-10-13 16:00:00,2057.63333333,2092.09951379
2017-10-13 16:30:00,1879.66666667,1959.97901728
2017-10-13 17:00:00,1855.96666667,1882.19624718
2017-10-13 17:30:00,1975.33333333,1924.05018286
2017-10-13 18:00:00,1928.06666667,1960.81006234
2017-10-13 18:30:00,1951.36666667,1936.39781257
2017-10-13 19:00:00,2012.73333333,2017.14290386
2017-10-13 19:30:00,2263.26666667,2083.63982995
2017-10-13 20:00:00,2405.46666667,2289.58145722
2017-10-13 20:30:00,2396.36666667,2413.2452854
2017-10-13 21:00:00,2396.46666667,2416.16895181
2017-10-13 21:30:00,2396.16666667,2402.94119626
2017-10-13 22:00:00,2387.66666667,2408.5797589
2017-10-13 22:30:00,2323.46666667,2396.39793017
2017-10-13 23:00:00,2300.06666667,2351.90093008
2017-10-13 23:30:00,2305.8,2350.1735829
2017-10-14 00:00:00,2310.83333333,2354.96888339
2017-10-14 00:30:00,2317.33333333,2343.11788935
2017-10-14 01:00:00,2314.0,2350.52369854
2017-10-14 01:30:00,2316.7,2345.63067523
2017-10-14 02:00:00,2304.4,2347.40828207
2017-10-14 02:30:00,2316.4,2336.40803964
2017-10-14 03:00:00,2313.2,2342.2701284
2017-10-14 03:30:00,2309.83333333,2335.67236686
2017-10-14 04:00:00,2292.2,2328.24617738
2017-10-14 04:30:00,2295.26666667,2310.98248179
2017-10-14 05:00:00,2134.2,2045.21346265
2017-10-14 05:30:00,1915.36666667,1915.05529186
2017-10-14 06:00:00,1899.23333333,1856.46097278
2017-10-14 06:30:00,1847.23333333,1874.85382833
2017-10-14 07:00:00,1902.36666667,1903.04861862
2017-10-14 07:30:00,2007.13333333,1927.67123828
2017-10-14 08:00:00,1884.7,1924.729208
2017-10-14 08:30:00,1859.36666667,1832.71974353
2017-10-14 09:00:00,1867.76666667,1870.84956522
2017-10-14 09:30:00,1928.73333333,1910.70242003
2017-10-14 10:00:00,1947.73333333,1963.4767278
2017-10-14 10:30:00,1940.43333333,1957.84368014
2017-10-14 11:00:00,1926.13333333,1898.08543725
2017-10-14 11:30:00,1884.63333333,1938.0986162
2017-10-14 12:00:00,1996.63333333,1907.05865529
2017-10-14 12:30:00,1911.16666667,1994.01415341
2017-10-14 13:00:00,2185.26666667,2100.51626326
2017-10-14 13:30:00,2025.7,2232.74658062
2017-10-14 14:00:00,2074.96666667,2059.60448197
2017-10-14 14:30:00,1944.56666667,1920.39848551
2017-10-14 15:00:00,1962.33333333,1956.70293942
2017-10-14 15:30:00,2127.8,2056.08022559
2017-10-14 16:00:00,2027.3,2076.37749166
2017-10-14 16:30:00,1916.86666667,1921.455189
2017-10-14 17:00:00,1870.43333333,1879.70799036
2017-10-14 17:30:00,1855.3,1922.13878068
2017-10-14 18:00:00,1824.93333333,1882.63172944
2017-10-14 18:30:00,1846.9,1870.52408782
2017-10-14 19:00:00,1931.6,1945.67109716
2017-10-14 19:30:00,2001.73333333,2037.38360838
2017-10-14 20:00:00,2050.6,2144.69454229
2017-10-14 20:30:00,2029.56666667,2198.60183282
2017-10-14 21:00:00,2115.56666667,2180.77402985
2017-10-14 21:30:00,2214.7,2199.84246314
2017-10-14 22:00:00,2291.36666667,2246.98557201
2017-10-14 22:30:00,2413.8,2270.98797553
2017-10-14 23:00:00,2412.46666667,2325.68615974
2017-10-14 23:30:00,2368.16666667,2344.01396998
2017-10-15 00:00:00,2416.56666667,2335.32347795
2017-10-15 00:30:00,2421.23333333,2353.79380442
2017-10-15 01:00:00,2426.8,2368.77317027
2017-10-15 01:30:00,2426.66666667,2376.65037566
2017-10-15 02:00:00,2315.93333333,2383.19218746
2017-10-15 02:30:00,2367.9,2331.67818943
2017-10-15 03:00:00,2417.36666667,2357.86281425
2017-10-15 03:30:00,2418.33333333,2381.37103827
2017-10-15 04:00:00,2411.2,2380.43162838
2017-10-15 04:30:00,2414.36666667,2375.50644239
2017-10-15 05:00:00,2260.76666667,2120.79399119
2017-10-15 05:30:00,1922.76666667,1995.70956817
2017-10-15 06:00:00,1891.8,1883.48640501
2017-10-15 06:30:00,1876.83333333,1888.31465019
2017-10-15 07:00:00,1956.03333333,1934.89693862
2017-10-15 07:30:00,1942.43333333,1977.37679034
2017-10-15 08:00:00,1944.16666667,1906.5734068
2017-10-15 08:30:00,1855.8,1878.5122077
2017-10-15 09:00:00,1830.2,1883.08956237
2017-10-15 09:30:00,1926.0,1906.06463016
2017-10-15 10:00:00,1969.03333333,1970.58998821
2017-10-15 10:30:00,2002.73333333,1977.86713749
2017-10-15 11:00:00,1944.7,1940.20751164
2017-10-15 11:30:00,1901.06666667,1951.781963
2017-10-15 12:00:00,1841.8,1933.41071811
2017-10-15 12:30:00,1988.16666667,1919.39253996
2017-10-15 13:00:00,2161.0,2149.05077597
2017-10-15 13:30:00,2265.63333333,2207.61312141
2017-10-15 14:00:00,2271.76666667,2187.71215663
2017-10-15 14:30:00,1976.1,2035.90581264
2017-10-15 15:00:00,1995.23333333,1995.94966393
2017-10-15 15:30:00,2045.4,2100.07066742
2017-10-15 16:00:00,2041.7,2053.37384576
2017-10-15 16:30:00,1851.2,1946.03644677
2017-10-15 17:00:00,1839.7,1861.45594275
2017-10-15 17:30:00,1858.3,1910.1620901
2017-10-15 18:00:00,1882.96666667,1887.96748332
2017-10-15 18:30:00,1872.53333333,1904.61708171
2017-10-15 19:00:00,1966.73333333,1966.84735467
2017-10-15 19:30:00,2067.86666667,2057.15373874
2017-10-15 20:00:00,2345.1,2177.46951932
2017-10-15 20:30:00,2408.7,2345.17973739
2017-10-15 21:00:00,2373.93333333,2391.25880597
2017-10-15 21:30:00,2404.23333333,2371.62059448
2017-10-15 22:00:00,2408.0,2395.40124419
2017-10-15 22:30:00,2415.13333333,2396.69425611
2017-10-15 23:00:00,2422.7,2388.80267062
2017-10-15 23:30:00,2420.93333333,2401.06540212
2017-10-16 00:00:00,2415.26666667,2414.38077423
2017-10-16 00:30:00,2418.0,2402.34845102
2017-10-16 01:00:00,2407.33333333,2411.74061213
2017-10-16 01:30:00,2406.96666667,2406.77774186
2017-10-16 02:00:00,2417.1,2399.51352015
2017-10-16 02:30:00,2411.46666667,2412.89291906
2017-10-16 03:00:00,2402.0,2414.57348031
2017-10-16 03:30:00,2402.63333333,2405.84656082
2017-10-16 04:00:00,2394.66666667,2401.06440887
2017-10-16 04:30:00,2387.7,2392.78015073
2017-10-16 05:00:00,2148.2,2135.830681
2017-10-16 05:30:00,1937.7,1949.14612921
2017-10-16 06:00:00,1927.16666667,1899.73754762
2017-10-16 06:30:00,1862.13333333,1914.84017737
2017-10-16 07:00:00,1989.53333333,1939.14560211
2017-10-16 07:30:00,1990.1,1997.41566523
2017-10-16 08:00:00,1977.76666667,1943.67721042
2017-10-16 08:30:00,1913.66666667,1903.21424021
2017-10-16 09:00:00,1834.53333333,1918.77458804
2017-10-16 09:30:00,1911.43333333,1922.13018213
2017-10-16 10:00:00,1979.1,1975.24533578
2017-10-16 10:30:00,2019.4,1995.4015711
2017-10-16 11:00:00,2035.46666667,1957.6506934
2017-10-16 11:30:00,2002.96666667,2003.73117457
2017-10-16 12:00:00,2036.13333333,1987.33010264
2017-10-16 12:30:00,1994.93333333,2041.07478304
2017-10-16 13:00:00,2191.23333333,2175.2312983
2017-10-16 13:30:00,2180.3,2254.89151587
2017-10-16 14:00:00,2168.03333333,2172.91065971
2017-10-16 14:30:00,1933.1,1993.54222459
2017-10-16 15:00:00,2106.26666667,1983.12615543
2017-10-16 15:30:00,2112.0,2155.4489814
2017-10-16 16:00:00,2171.93333333,2097.8380751
2017-10-16 16:30:00,2267.23333333,2016.51986478
2017-10-16 17:00:00,1935.0,2086.43626467
2017-10-16 17:30:00,1907.46666667,1991.05811167
2017-10-16 18:00:00,2025.33333333,1950.55579357
2017-10-16 18:30:00,2111.6,2009.64383297
2017-10-16 19:00:00,2160.26666667,2126.16709129
2017-10-16 19:30:00,2387.06666667,2202.53534977
2017-10-16 20:00:00,2439.73333333,2405.23981178
2017-10-16 20:30:00,2442.06666667,2463.80869703
2017-10-16 21:00:00,2439.16666667,2468.39023025
2017-10-16 21:30:00,2445.66666667,2462.71967865
2017-10-16 22:00:00,2448.8,2469.91790547
2017-10-16 22:30:00,2360.0,2465.75441427
2017-10-16 23:00:00,2439.0,2409.56661934
2017-10-16 23:30:00,2451.83333333,2450.97984179
2017-10-17 00:00:00,2454.6,2465.49555008
2017-10-17 00:30:00,2437.76666667,2457.16477784
2017-10-17 01:00:00,2367.76666667,2453.81386132
2017-10-17 01:30:00,2426.16666667,2417.3780169
2017-10-17 02:00:00,2429.73333333,2439.20237364
2017-10-17 02:30:00,2440.63333333,2443.39835763
2017-10-17 03:00:00,2449.73333333,2450.06609612
2017-10-17 03:30:00,2432.86666667,2451.1709149
2017-10-17 04:00:00,2428.73333333,2437.6236548
2017-10-17 04:30:00,2414.56666667,2430.42982307
2017-10-17 05:00:00,2152.8,2168.17823654
2017-10-17 05:30:00,1956.06666667,1973.09836653
2017-10-17 06:00:00,1893.63333333,1929.9748891
2017-10-17 06:30:00,1869.63333333,1911.99041665
2017-10-17 07:00:00,1958.06666667,1961.32720106
2017-10-17 07:30:00,2003.36666667,1995.57613837
2017-10-17 08:00:00,1963.0,1963.17586716
2017-10-17 08:30:00,1972.63333333,1907.76702164
2017-10-17 09:00:00,1897.66666667,1951.53863443
2017-10-17 09:30:00,1895.93333333,1963.17344392
2017-10-17 10:00:00,1938.26666667,1980.57992703
2017-10-17 10:30:00,1966.9,1987.09386568
2017-10-17 11:00:00,1965.83333333,1945.51259726
2017-10-17 11:30:00,1977.96666667,1974.7058011
2017-10-17 12:00:00,1948.93333333,1982.03505631
2017-10-17 12:30:00,2042.6,1991.43585574
2017-10-17 13:00:00,2283.63333333,2195.6790428
2017-10-17 13:30:00,2360.03333333,2291.96803273
2017-10-17 14:00:00,2291.46666667,2263.2896946
2017-10-17 14:30:00,2019.3,2062.96413845
2017-10-17 15:00:00,1969.36666667,2052.36717825
2017-10-17 15:30:00,2154.7,2102.84427178
2017-10-17 16:00:00,2153.8,2135.89291135
2017-10-17 16:30:00,2139.8,2041.84970948
2017-10-17 17:00:00,1924.5,2019.78995177
2017-10-17 17:30:00,1989.7,1982.63538
2017-10-17 18:00:00,2073.36666667,1999.8682156
2017-10-17 18:30:00,2061.86666667,2048.44045388
2017-10-17 19:00:00,2068.86666667,2111.21066996
2017-10-17 19:30:00,2223.06666667,2175.85606956
2017-10-17 20:00:00,2386.1,2321.00586596
2017-10-17 20:30:00,2409.86666667,2425.33562674
2017-10-17 21:00:00,2410.13333333,2440.3008723
2017-10-17 21:30:00,2408.3,2435.31558083
2017-10-17 22:00:00,2414.5,2438.11805643
2017-10-17 22:30:00,2416.86666667,2427.5297344
2017-10-17 23:00:00,2425.03333333,2427.42515694
2017-10-17 23:30:00,2421.46666667,2435.1663277
2017-10-18 00:00:00,2420.43333333,2441.05571466
2017-10-18 00:30:00,2422.3,2429.08849726
2017-10-18 01:00:00,2426.96666667,2429.34463611
2017-10-18 01:30:00,2425.26666667,2438.30821826
2017-10-18 02:00:00,2416.73333333,2431.78813104
2017-10-18 02:30:00,2377.3,2431.38570286
2017-10-18 03:00:00,2406.4,2413.15461191
2017-10-18 03:30:00,2407.23333333,2420.10342599
2017-10-18 04:00:00,2401.63333333,2415.00457162
2017-10-18 04:30:00,2399.4,2406.11463404
2017-10-18 05:00:00,2263.13333333,2148.98957189
2017-10-18 05:30:00,1950.46666667,2017.72938151
2017-10-18 06:00:00,1923.26666667,1919.8935429
2017-10-18 06:30:00,1876.3,1921.23291701
2017-10-18 07:00:00,1990.0,1961.34481287
2017-10-18 07:30:00,1950.46666667,2011.18772159
2017-10-18 08:00:00,1981.8,1936.07481153
2017-10-18 08:30:00,1966.9,1920.15473118
2017-10-18 09:00:00,1943.6,1945.31449271
2017-10-18 09:30:00,1959.5,1979.656704
2017-10-18 10:00:00,2065.06666667,2009.90534528
2017-10-18 10:30:00,2065.36666667,2052.34629454
2017-10-18 11:00:00,2026.16666667,2004.14774201
2017-10-18 11:30:00,1999.16666667,2018.59582881
2017-10-18 12:00:00,1996.16666667,2003.62778935
2017-10-18 12:30:00,2106.96666667,2034.9689409
2017-10-18 13:00:00,2212.13333333,2250.14812812
2017-10-18 13:30:00,2233.4,2280.50212216
2017-10-18 14:00:00,2190.33333333,2214.0789324
2017-10-18 14:30:00,2060.5,2015.04343414
2017-10-18 15:00:00,1983.86666667,2062.63575172
2017-10-18 15:30:00,2069.2,2117.1458043
2017-10-18 16:00:00,2120.66666667,2094.70379517
2017-10-18 16:30:00,1980.7,2024.83708103
2017-10-18 17:00:00,1973.26666667,1932.52473678
2017-10-18 17:30:00,1978.63333333,1999.22937721
2017-10-18 18:00:00,1994.7,1991.13397679
2017-10-18 18:30:00,2096.56666667,2000.32052425
2017-10-18 19:00:00,2134.6,2114.05635744
2017-10-18 19:30:00,2253.23333333,2200.39953918
2017-10-18 20:00:00,2287.46666667,2336.73769412
2017-10-18 20:30:00,2426.26666667,2373.08685278
2017-10-18 21:00:00,2427.43333333,2440.34222783
2017-10-18 21:30:00,2429.26666667,2437.10250698
2017-10-18 22:00:00,2436.5,2443.43906756
2017-10-18 22:30:00,2437.0,2437.95164267
2017-10-18 23:00:00,2442.16666667,2435.38032737
2017-10-18 23:30:00,2444.33333333,2442.4868429
2017-10-19 00:00:00,2443.4,2451.81311716
2017-10-19 00:30:00,2451.53333333,2442.25694196
2017-10-19 01:00:00,2439.6,2448.66688011
2017-10-19 01:30:00,2451.3,2447.11102702
2017-10-19 02:00:00,2448.43333333,2447.84520329
2017-10-19 02:30:00,2439.6,2447.75093891
2017-10-19 03:00:00,2448.56666667,2449.76232972
2017-10-19 03:30:00,2448.03333333,2448.93981143
2017-10-19 04:00:00,2445.13333333,2444.0807123
2017-10-19 04:30:00,2433.33333333,2438.30113486
2017-10-19 05:00:00,2006.66666667,2187.3847667
2017-10-19 05:30:00,1952.6,1896.0042982
2017-10-19 06:00:00,1927.53333333,1920.98633053
2017-10-19 06:30:00,1892.93333333,1919.83166103
2017-10-19 07:00:00,1993.86666667,1971.43848175
2017-10-19 07:30:00,2050.9,2008.10315087
2017-10-19 08:00:00,2068.73333333,1990.5721215
2017-10-19 08:30:00,1900.16666667,1971.01412646
2017-10-19 09:00:00,1859.3,1921.80656911
2017-10-19 09:30:00,1960.06666667,1942.1335657
2017-10-19 10:00:00,1970.3,2016.11371927
2017-10-19 10:30:00,1971.23333333,2006.65807906
2017-10-19 11:00:00,1980.63333333,1953.94622368
2017-10-19 11:30:00,2017.26666667,1985.81599712
2017-10-19 12:00:00,2033.6,2003.29728823
2017-10-19 12:30:00,2056.63333333,2050.54069531
2017-10-19 13:00:00,2143.23333333,2214.14904517
2017-10-19 13:30:00,2147.76666667,2233.14562854
2017-10-19 14:00:00,2307.43333333,2158.65485062
2017-10-19 14:30:00,1979.46666667,2065.81156626
2017-10-19 15:00:00,2078.3,2011.38742552
2017-10-19 15:30:00,2113.5,2149.89452652
2017-10-19 16:00:00,2088.33333333,2114.50622904
2017-10-19 16:30:00,1944.3,2000.71358889
2017-10-19 17:00:00,1996.16666667,1917.21845204
2017-10-19 17:30:00,2067.1,2004.51885909
2017-10-19 18:00:00,2083.13333333,2030.9851491
2017-10-19 18:30:00,2024.2,2053.7485704
2017-10-19 19:00:00,2019.56666667,2086.07761226
2017-10-19 19:30:00,1975.96666667,2147.31965257
2017-10-19 20:00:00,2277.66666667,2187.92296416
2017-10-19 20:30:00,2418.66666667,2356.31371875
2017-10-19 21:00:00,2428.3,2420.73349759
2017-10-19 21:30:00,2416.66666667,2423.17956124
2017-10-19 22:00:00,2428.36666667,2424.15431326
2017-10-19 22:30:00,2435.76666667,2421.76601689
2017-10-19 23:00:00,2430.73333333,2423.77118226
2017-10-19 23:30:00,2445.63333333,2426.70298609
2017-10-20 00:00:00,2450.3,2442.21999938
2017-10-20 00:30:00,2449.16666667,2437.59534653
2017-10-20 01:00:00,2450.16666667,2438.96563855
2017-10-20 01:30:00,2448.13333333,2445.83002074
2017-10-20 02:00:00,2455.36666667,2440.62618489
2017-10-20 02:30:00,2454.8,2446.30337014
2017-10-20 03:00:00,2445.7,2452.67843589
2017-10-20 03:30:00,2444.76666667,2444.15337328
2017-10-20 04:00:00,2430.26666667,2439.46702091
2017-10-20 04:30:00,2415.93333333,2427.3728742
2017-10-20 05:00:00,2189.66666667,2157.22919015
2017-10-20 05:30:00,1934.13333333,1990.10756578
2017-10-20 06:00:00,1878.63333333,1917.10333014
2017-10-20 06:30:00,1894.86666667,1897.83934193
2017-10-20 07:00:00,1977.4,1974.44683405
2017-10-20 07:30:00,2050.73333333,2005.84716515
2017-10-20 08:00:00,1911.76666667,1995.80950804
2017-10-20 08:30:00,1875.16666667,1885.2304934
2017-10-20 09:00:00,1968.23333333,1896.84920595
2017-10-20 09:30:00,1976.96666667,1990.99398229
2017-10-20 10:00:00,1972.33333333,2017.47790408
2017-10-20 10:30:00,1978.06666667,2003.46624612
2017-10-20 11:00:00,1924.36666667,1958.19972914
2017-10-20 11:30:00,2013.33333333,1960.26966716
2017-10-20 12:00:00,2029.23333333,2001.01712126
2017-10-20 12:30:00,2084.73333333,2044.05556831
2017-10-20 13:00:00,2203.83333333,2220.50790935
2017-10-20 13:30:00,2252.6,2256.4702302
2017-10-20 14:00:00,2173.6,2225.77489608
2017-10-20 14:30:00,1952.16666667,1996.95532513
2017-10-20 15:00:00,2027.6,2004.83883879
2017-10-20 15:30:00,2074.66666667,2121.00147935
2017-10-20 16:00:00,2043.06666667,2088.29549978
2017-10-20 16:30:00,1913.76666667,1969.07431249
2017-10-20 17:00:00,1896.8,1900.41014952
2017-10-20 17:30:00,1969.23333333,1952.55398374
2017-10-20 18:00:00,2047.2,1974.29436913
2017-10-20 18:30:00,1913.96666667,2015.58928047
2017-10-20 19:00:00,1930.86666667,2009.33857423
2017-10-20 19:30:00,2014.76666667,2068.1604512
2017-10-20 20:00:00,2304.4,2194.39460359
2017-10-20 20:30:00,2427.46666667,2355.78477579
2017-10-20 21:00:00,2422.3,2411.35887741
2017-10-20 21:30:00,2425.63333333,2406.90390767
2017-10-20 22:00:00,2432.26666667,2417.18519896
2017-10-20 22:30:00,2442.9,2414.45527977
2017-10-20 23:00:00,2413.26666667,2418.4712529
2017-10-20 23:30:00,2418.9,2411.39109489
2017-10-21 00:00:00,2449.73333333,2421.5771644
2017-10-21 00:30:00,2452.8,2429.4118869
2017-10-21 01:00:00,2453.56666667,2434.11699435
2017-10-21 01:30:00,2449.06666667,2440.71182023
2017-10-21 02:00:00,2452.93333333,2436.19873229
2017-10-21 02:30:00,2458.03333333,2440.5480668
2017-10-21 03:00:00,2454.7,2448.68817917
2017-10-21 03:30:00,2453.7,2444.30857801
2017-10-21 04:00:00,2450.3,2439.57840219
2017-10-21 04:30:00,2439.0,2433.78157242
2017-10-21 05:00:00,2126.76666667,2174.39765
2017-10-21 05:30:00,1915.26666667,1952.16801203
2017-10-21 06:00:00,1896.3,1900.99841116
2017-10-21 06:30:00,1879.16666667,1903.29389219
2017-10-21 07:00:00,1913.23333333,1963.52596375
2017-10-21 07:30:00,1903.63333333,1973.10049846
2017-10-21 08:00:00,1885.36666667,1907.1701371
2017-10-21 08:30:00,1903.16666667,1860.66687187
2017-10-21 09:00:00,1928.5,1905.99895106
2017-10-21 09:30:00,1984.7,1959.59218612
2017-10-21 10:00:00,1935.76666667,2007.98432114
2017-10-21 10:30:00,1979.26666667,1974.51441422
2017-10-21 11:00:00,1842.06666667,1945.0707935
2017-10-21 11:30:00,1904.3,1913.29532735
2017-10-21 12:00:00,1879.56666667,1935.60829317
2017-10-21 12:30:00,1954.0,1955.85426556
2017-10-21 13:00:00,2147.26666667,2133.65217375
2017-10-21 13:30:00,2122.56666667,2204.14613804
2017-10-21 14:00:00,2103.43333333,2126.38493108
2017-10-21 14:30:00,2035.86666667,1930.53734151
2017-10-21 15:00:00,2003.06666667,2016.80311429
2017-10-21 15:30:00,2027.16666667,2082.44823255
2017-10-21 16:00:00,2080.83333333,2039.05339682
2017-10-21 16:30:00,1813.83333333,1962.49402245
2017-10-21 17:00:00,1875.36666667,1829.33851571
2017-10-21 17:30:00,1888.56666667,1920.03786805
2017-10-21 18:00:00,1891.6,1917.929616
2017-10-21 18:30:00,1865.8,1907.53071654
2017-10-21 19:00:00,1953.4,1952.86302208
2017-10-21 19:30:00,2007.6,2052.21949114
2017-10-21 20:00:00,2212.6,2173.91484937
2017-10-21 20:30:00,2434.9,2292.23639116
2017-10-21 21:00:00,2418.6,2391.81752474
2017-10-21 21:30:00,2425.83333333,2385.39102033
2017-10-21 22:00:00,2423.1,2398.9018168
2017-10-21 22:30:00,2434.4,2394.16452595
2017-10-21 23:00:00,2435.46666667,2397.17834346
2017-10-21 23:30:00,2445.06666667,2407.39053615
2017-10-22 00:00:00,2444.3,2424.03256014
2017-10-22 00:30:00,2452.7,2417.96217891
2017-10-22 01:00:00,2446.96666667,2425.76534616
2017-10-22 01:30:00,2448.23333333,2429.31565177
2017-10-22 02:00:00,2445.9,2428.57636893
2017-10-22 02:30:00,2446.4,2430.77938133
2017-10-22 03:00:00,2449.3,2436.43887142
2017-10-22 03:30:00,2445.83333333,2435.38913771
2017-10-22 04:00:00,2437.73333333,2430.18425966
2017-10-22 04:30:00,2440.36666667,2421.88967789
2017-10-22 05:00:00,2055.2,2164.17669953
2017-10-22 05:30:00,1959.66666667,1908.9951756
2017-10-22 06:00:00,1906.4,1915.38827893
2017-10-22 06:30:00,1897.4,1900.89427525
2017-10-22 07:00:00,1964.33333333,1963.88377661
2017-10-22 07:30:00,1938.06666667,1988.58498212
2017-10-22 08:00:00,1878.6,1924.19531126
2017-10-22 08:30:00,1874.0,1862.16031356
2017-10-22 09:00:00,1839.36666667,1892.09660193
2017-10-22 09:30:00,1943.03333333,1916.51115279
2017-10-22 10:00:00,1999.03333333,1977.47620912
2017-10-22 10:30:00,1993.5,2000.93092699
2017-10-22 11:00:00,1883.63333333,1941.83662306
2017-10-22 11:30:00,1900.16666667,1930.15792261
2017-10-22 12:00:00,1868.5,1928.48150547
2017-10-22 12:30:00,1950.13333333,1949.14206957
2017-10-22 13:00:00,2121.6,2132.8195366
2017-10-22 13:30:00,2220.2,2184.15974362
2017-10-22 14:00:00,2002.76666667,2172.9665014
2017-10-22 14:30:00,1908.26666667,1892.82799179
2017-10-22 15:00:00,2024.86666667,1948.99833906
2017-10-22 15:30:00,1981.6,2082.24301022
2017-10-22 16:00:00,1996.36666667,2014.69258498
2017-10-22 16:30:00,1831.66666667,1901.79973923
2017-10-22 17:00:00,1864.63333333,1831.15880696
2017-10-22 17:30:00,1920.13333333,1902.57269139
2017-10-22 18:00:00,1831.83333333,1921.018963
2017-10-22 18:30:00,1865.06666667,1870.39276279
2017-10-22 19:00:00,2059.8,1946.01049491
2017-10-22 19:30:00,2097.1,2095.65017081
2017-10-22 20:00:00,2256.06666667,2217.02953818
2017-10-22 20:30:00,2408.36666667,2326.14901666
2017-10-22 21:00:00,2374.0,2384.58975226
2017-10-22 21:30:00,2408.7,2368.37455334
2017-10-22 22:00:00,2362.66666667,2392.08557891
2017-10-22 22:30:00,2424.23333333,2365.75317303
2017-10-22 23:00:00,2427.93333333,2391.90969852
2017-10-22 23:30:00,2421.63333333,2402.90222002
2017-10-23 00:00:00,2353.4,2409.60768494
2017-10-23 00:30:00,2409.9,2370.2203114
2017-10-23 01:00:00,2417.66666667,2397.28215518
2017-10-23 01:30:00,2424.7,2406.47183805
2017-10-23 02:00:00,2421.06666667,2407.78614557
2017-10-23 02:30:00,2418.56666667,2409.01560636
2017-10-23 03:00:00,2426.7,2413.03741588
2017-10-23 03:30:00,2422.86666667,2413.9893858
2017-10-23 04:00:00,2425.86666667,2408.28088142
2017-10-23 04:30:00,2423.26666667,2406.52084848
2017-10-23 05:00:00,2143.33333333,2137.5838676
2017-10-23 05:30:00,1956.33333333,1948.17206163
2017-10-23 06:00:00,1921.03333333,1908.08595854
2017-10-23 06:30:00,1894.26666667,1903.84872155
2017-10-23 07:00:00,1995.26666667,1960.04885435
2017-10-23 07:30:00,1926.13333333,1998.3414135
2017-10-23 08:00:00,1843.66666667,1913.4912931
2017-10-23 08:30:00,1948.5,1842.48540063
2017-10-23 09:00:00,1914.33333333,1921.06588497
2017-10-23 09:30:00,1951.93333333,1956.01008416
2017-10-23 10:00:00,1945.13333333,1989.44705172
2017-10-23 10:30:00,2063.03333333,1977.08957103
2017-10-23 11:00:00,1975.9,1975.6507703
2017-10-23 11:30:00,1979.56666667,1978.38259599
2017-10-23 12:00:00,1973.76666667,1972.99574779
2017-10-23 12:30:00,1919.16666667,2013.16735705
2017-10-23 13:00:00,2101.33333333,2131.05280911
2017-10-23 13:30:00,2124.23333333,2191.16122567
2017-10-23 14:00:00,2199.73333333,2121.63123079
2017-10-23 14:30:00,1986.0,1994.79662224
2017-10-23 15:00:00,2035.36666667,2007.92132907
2017-10-23 15:30:00,2134.73333333,2096.59238056
2017-10-23 16:00:00,2049.46666667,2103.80435103
2017-10-23 16:30:00,2125.43333333,1947.2304456
2017-10-23 17:00:00,1960.46666667,2001.27574985
2017-10-23 17:30:00,2027.13333333,1985.90819215
2017-10-23 18:00:00,2044.06666667,2002.49738707
2017-10-23 18:30:00,2049.03333333,2013.80351516
2017-10-23 19:00:00,2058.13333333,2090.40415438
2017-10-23 19:30:00,2134.26666667,2143.53752604
2017-10-23 20:00:00,2373.46666667,2280.62847407
2017-10-23 20:30:00,2375.2,2428.56863143
2017-10-23 21:00:00,2377.26666667,2408.63817512
2017-10-23 21:30:00,2376.36666667,2408.92560474
2017-10-23 22:00:00,2382.63333333,2406.20553794
2017-10-23 22:30:00,2388.23333333,2408.15884044
2017-10-23 23:00:00,2389.56666667,2402.70956204
2017-10-23 23:30:00,2402.6,2406.87027079
2017-10-24 00:00:00,2296.66666667,2413.66086857
2017-10-24 00:30:00,2393.53333333,2360.11897276
2017-10-24 01:00:00,2409.46666667,2402.02344331
2017-10-24 01:30:00,2403.53333333,2413.30907387
2017-10-24 02:00:00,2411.43333333,2406.42075521
2017-10-24 02:30:00,2413.06666667,2411.36247173
2017-10-24 03:00:00,2412.86666667,2416.7728892
2017-10-24 03:30:00,2415.83333333,2412.41378871
2017-10-24 04:00:00,2414.3,2409.78153654
2017-10-24 04:30:00,2406.4,2404.71039659
2017-10-24 05:00:00,2007.96666667,2134.69436609
2017-10-24 05:30:00,1930.36666667,1880.90104333
2017-10-24 06:00:00,1873.1,1891.10373454
2017-10-24 06:30:00,1897.5,1873.15628498
2017-10-24 07:00:00,1947.06666667,1956.8941061
2017-10-24 07:30:00,1966.8,1962.84482033
2017-10-24 08:00:00,1924.56666667,1920.98899171
2017-10-24 08:30:00,1957.46666667,1885.66005475
2017-10-24 09:00:00,1877.13333333,1925.00638088
2017-10-24 09:30:00,2001.4,1935.51494782
2017-10-24 10:00:00,2003.83333333,2007.68442781
2017-10-24 10:30:00,2044.16666667,2013.80886735
2017-10-24 11:00:00,1937.63333333,1970.62470406
2017-10-24 11:30:00,1965.16666667,1961.7418513
2017-10-24 12:00:00,1986.13333333,1967.13776134
2017-10-24 12:30:00,2020.53333333,2010.78928178
2017-10-24 13:00:00,2235.16666667,2179.5229907
2017-10-24 13:30:00,2267.3,2256.56033588
2017-10-24 14:00:00,2111.3,2214.57513536
2017-10-24 14:30:00,2164.6,1965.42738561
2017-10-24 15:00:00,1948.63333333,2108.30551234
2017-10-24 15:30:00,2114.1,2076.71379363
2017-10-24 16:00:00,2180.33333333,2101.61619131
2017-10-24 16:30:00,2198.5,2039.27570019
2017-10-24 17:00:00,1957.5,2048.96550418
2017-10-24 17:30:00,1936.96666667,2004.57329845
2017-10-24 18:00:00,1942.03333333,1978.40746597
2017-10-24 18:30:00,1957.6,1975.38795267
2017-10-24 19:00:00,1956.06666667,2043.00165803
2017-10-24 19:30:00,1981.73333333,2090.89601119
2017-10-24 20:00:00,2194.46666667,2205.17252747
2017-10-24 20:30:00,2353.83333333,2320.10522457
2017-10-24 21:00:00,2350.5,2376.22745974
2017-10-24 21:30:00,2350.96666667,2373.21763035
2017-10-24 22:00:00,2352.03333333,2374.21285156
2017-10-24 22:30:00,2362.86666667,2372.0934381
2017-10-24 23:00:00,2370.5,2370.61882496
2017-10-24 23:30:00,2375.46666667,2379.5500227
2017-10-25 00:00:00,2366.26666667,2375.78542827
2017-10-25 00:30:00,2377.03333333,2380.7617302
2017-10-25 01:00:00,2368.33333333,2382.65532269
2017-10-25 01:30:00,2380.06666667,2380.51893682
2017-10-25 02:00:00,2279.6,2382.91277389
2017-10-25 02:30:00,2366.66666667,2333.31971848
2017-10-25 03:00:00,2369.73333333,2375.9356176
2017-10-25 03:30:00,2379.46666667,2373.34412057
2017-10-25 04:00:00,2328.36666667,2373.59346569
2017-10-25 04:30:00,2359.0,2343.41077054
2017-10-25 05:00:00,2113.33333333,2080.32350711
2017-10-25 05:30:00,1931.23333333,1916.98073359
2017-10-25 06:00:00,1890.56666667,1876.10916433
2017-10-25 06:30:00,1866.2,1871.83481301
2017-10-25 07:00:00,1930.46666667,1929.16566371
2017-10-25 07:30:00,1943.1,1945.91123796
2017-10-25 08:00:00,1895.13333333,1900.63842197
2017-10-25 08:30:00,1856.03333333,1863.288583
2017-10-25 09:00:00,1902.8,1859.36854379
2017-10-25 09:30:00,1932.36666667,1939.01951996
2017-10-25 10:00:00,1939.26666667,1961.66665041
2017-10-25 10:30:00,2037.76666667,1967.37661716
2017-10-25 11:00:00,1853.73333333,1948.78736028
2017-10-25 11:30:00,1898.0,1905.14119259
2017-10-25 12:00:00,1889.13333333,1917.66887633
2017-10-25 12:30:00,1958.06666667,1946.4675513
2017-10-25 13:00:00,2191.8,2131.81185793
2017-10-25 13:30:00,2325.56666667,2214.82375202
2017-10-25 14:00:00,2144.2,2211.10511387
2017-10-25 14:30:00,2022.66666667,1980.69539298
2017-10-25 15:00:00,1964.53333333,2009.0312762
2017-10-25 15:30:00,2015.16666667,2067.11160071
2017-10-25 16:00:00,2257.63333333,2042.67628953
2017-10-25 16:30:00,2251.56666667,2066.29110718
2017-10-25 17:00:00,1936.06666667,2054.62192855
2017-10-25 17:30:00,2001.33333333,1976.56593144
2017-10-25 18:00:00,1948.33333333,1996.04852248
2017-10-25 18:30:00,2003.76666667,1969.54956102
2017-10-25 19:00:00,2054.83333333,2054.14160281
2017-10-25 19:30:00,2105.43333333,2128.83633103
2017-10-25 20:00:00,2099.23333333,2265.88367026
2017-10-25 20:30:00,2327.23333333,2283.94416244
2017-10-25 21:00:00,2384.9,2363.98331349
2017-10-25 21:30:00,2382.7,2390.37606121
2017-10-25 22:00:00,2391.63333333,2391.39582396
2017-10-25 22:30:00,2394.33333333,2395.38128671
2017-10-25 23:00:00,2404.33333333,2391.9225031
2017-10-25 23:30:00,2409.86666667,2402.49441394
2017-10-26 00:00:00,2415.86666667,2402.53552286
2017-10-26 00:30:00,2415.76666667,2412.60851972
2017-10-26 01:00:00,2422.46666667,2410.44102744
2017-10-26 01:30:00,2419.46666667,2418.50537318
2017-10-26 02:00:00,2421.86666667,2406.3465461
2017-10-26 02:30:00,2421.73333333,2420.22774012
2017-10-26 03:00:00,2427.46666667,2421.51951654
2017-10-26 03:30:00,2425.56666667,2421.93750377
2017-10-26 04:00:00,2429.03333333,2413.0597637
2017-10-26 04:30:00,2426.3,2415.52322559
2017-10-26 05:00:00,2012.76666667,2143.23538952
2017-10-26 05:30:00,1924.1,1890.58754747
2017-10-26 06:00:00,1868.3,1891.31446789
2017-10-26 06:30:00,1887.66666667,1874.78665787
2017-10-26 07:00:00,1924.06666667,1952.98060865
2017-10-26 07:30:00,1987.23333333,1954.94455315
2017-10-26 08:00:00,1888.13333333,1933.32978486
2017-10-26 08:30:00,1855.13333333,1869.33684616
2017-10-26 09:00:00,1957.93333333,1874.27116478
2017-10-26 09:30:00,1969.7,1974.00540229
2017-10-26 10:00:00,2014.63333333,1989.96466759
2017-10-26 10:30:00,1957.9,2021.99494729
2017-10-26 11:00:00,1992.8,1916.2354508
2017-10-26 11:30:00,2037.83333333,1983.49574271
2017-10-26 12:00:00,2023.9,1999.96308111
2017-10-26 12:30:00,1993.8,2034.95102844
2017-10-26 13:00:00,2088.43333333,2177.74246579
2017-10-26 13:30:00,2179.56666667,2195.6059544
2017-10-26 14:00:00,2240.7,2151.82924382
2017-10-26 14:30:00,1934.36666667,2035.70089085
2017-10-26 15:00:00,1933.4,1977.29189416
2017-10-26 15:30:00,2077.73333333,2053.07501735
2017-10-26 16:00:00,2097.53333333,2094.12517854
2017-10-26 16:30:00,1918.43333333,2003.89013832
2017-10-26 17:00:00,1926.6,1879.21585145
2017-10-26 17:30:00,1959.43333333,1958.86373094
2017-10-26 18:00:00,1939.56666667,1956.54206858
2017-10-26 18:30:00,1958.96666667,1952.31022249
2017-10-26 19:00:00,1990.8,2019.04146781
2017-10-26 19:30:00,2142.53333333,2081.9958702
2017-10-26 20:00:00,2363.1,2254.05818104
2017-10-26 20:30:00,2357.5,2405.20553814
2017-10-26 21:00:00,2357.3,2381.4921314
2017-10-26 21:30:00,2361.53333333,2377.88169959
2017-10-26 22:00:00,2359.46666667,2381.33044437
2017-10-26 22:30:00,2377.73333333,2378.36235345
2017-10-26 23:00:00,2375.2,2382.14581834
2017-10-26 23:30:00,2384.93333333,2385.56838586
2017-10-27 00:00:00,2332.4,2387.33260858
2017-10-27 00:30:00,2405.2,2366.16799364
2017-10-27 01:00:00,2421.96666667,2398.11318303
2017-10-27 01:30:00,2423.83333333,2410.28250823
2017-10-27 02:00:00,2425.4,2405.11792166
2017-10-27 02:30:00,2428.56666667,2414.83406001
2017-10-27 03:00:00,2420.03333333,2419.93681905
2017-10-27 03:30:00,2428.33333333,2413.5440207
2017-10-27 04:00:00,2426.7,2412.20516232
2017-10-27 04:30:00,2429.06666667,2410.70105598
2017-10-27 05:00:00,2172.83333333,2129.47713939
2017-10-27 05:30:00,1939.8,1969.85963057
2017-10-27 06:00:00,1859.16666667,1901.4889916
2017-10-27 06:30:00,1928.23333333,1876.20282494
2017-10-27 07:00:00,1929.93333333,1974.91211104
2017-10-27 07:30:00,1995.83333333,1966.05127328
2017-10-27 08:00:00,1942.86666667,1939.37106416
2017-10-27 08:30:00,1912.43333333,1900.93307372
2017-10-27 09:00:00,1954.9,1915.94528795
2017-10-27 09:30:00,2001.43333333,1981.51864655
2017-10-27 10:00:00,1961.03333333,2016.70065698
2017-10-27 10:30:00,2008.53333333,1997.04187273
2017-10-27 11:00:00,1921.5,1955.88070183
2017-10-27 11:30:00,1963.13333333,1959.73019394
2017-10-27 12:00:00,1913.63333333,1968.50920718
2017-10-27 12:30:00,1969.06666667,1975.53100079
2017-10-27 13:00:00,2043.43333333,2150.91706969
2017-10-27 13:30:00,2105.03333333,2162.61958561
2017-10-27 14:00:00,2017.13333333,2115.61330287
2017-10-27 14:30:00,1879.36666667,1903.56054931
2017-10-27 15:00:00,1934.16666667,1927.30651687
2017-10-27 15:30:00,2034.64,2035.96272026
