[
    {
        "name": "<20",
        "value": "72"
    },
    {
        "name": "[20,30)",
        "value": "3323"
    },
    {
        "name": "[30,40)",
        "value": "17929"
    },
    {
        "name": "[40,50)",
        "value": "11236"
    },
    {
        "name": "[50,60)",
        "value": "10490"
    },
    {
        "name": "[60,70)",
        "value": "10604"
    },
    {
        "name": "[70,80)",
        "value": "2769"
    },
    {
        "name": "[80,90)",
        "value": "1095"
    },
    {
        "name": "[90，117)",
        "value": "275"
    },
    {
        "name": "总计",
        "value": "57793"
    }
]
