[
    {
        "CID": "11022380",
        "Jan": "22",
        "Feb": "21",
        "March": "54",
        "April": "21",
        "May": "22",
        "June": "14",
        "July": "11",
        "August": "12",
        "Sept": "13",
        "Oct": "14",
        "Nov": "22",
        "Dec": "28",
        "Area": "崇明县",
        "result02": "1",
        "Birthday": "1984",
        "Region": "河北省",
        "Gender": "1",
        "Address": "湄洲新村73号506室"
    },
    {
        "CID": "11024182",
        "Jan": "32",
        "Feb": "41",
        "March": "33",
        "April": "30",
        "May": "28",
        "June": "19",
        "July": "17",
        "August": "15",
        "Sept": "15",
        "Oct": "16",
        "Nov": "21",
        "Dec": "25",
        "Area": "崇明县",
        "result02": "1",
        "Birthday": "1977",
        "Region": "吉林省",
        "Gender": "0",
        "Address": "中街山路87号6幢402室"
    },
    {
        "CID": "11029747",
        "Jan": "29",
        "Feb": "34",
        "March": "31",
        "April": "23",
        "May": "17",
        "June": "12",
        "July": "8",
        "August": "6",
        "Sept": "7",
        "Oct": "10",
        "Nov": "12",
        "Dec": "13",
        "Area": "崇明县",
        "result02": "1",
        "Birthday": "1966",
        "Region": "上海市",
        "Gender": "1",
        "Address": "西门路501弄30号302室"
    },
    {
        "CID": "11010274",
        "Jan": "4",
        "Feb": "8",
        "March": "4",
        "April": "5",
        "May": "4",
        "June": "5",
        "July": "5",
        "August": "7",
        "Sept": "6",
        "Oct": "4",
        "Nov": "8",
        "Dec": "7",
        "Area": "崇明县",
        "result02": "-1",
        "Birthday": "1947",
        "Region": "上海市",
        "Gender": "1",
        "Address": "西门北村8号101室"
    },
    {
        "CID": "11034663",
        "Jan": "7",
        "Feb": "1",
        "March": "102",
        "April": "25",
        "May": "14",
        "June": "13",
        "July": "9",
        "August": "9",
        "Sept": "7",
        "Oct": "6",
        "Nov": "8",
        "Dec": "13",
        "Area": "崇明县",
        "result02": "1",
        "Birthday": "1984",
        "Region": "上海市",
        "Gender": "1",
        "Address": "新开河路800弄232号501室"
    },
    {
        "CID": "11010885",
        "Jan": "9",
        "Feb": "8",
        "March": "9",
        "April": "9",
        "May": "9",
        "June": "8",
        "July": "6",
        "August": "3",
        "Sept": "2",
        "Oct": "4",
        "Nov": "6",
        "Dec": "8",
        "Area": "崇明县",
        "result02": "-1",
        "Birthday": "1983",
        "Region": "上海市",
        "Gender": "1",
        "Address": "西门北村27号506室"
    },
    {
        "CID": "11011606",
        "Jan": "9",
        "Feb": "12",
        "March": "10",
        "April": "8",
        "May": "7",
        "June": "8",
        "July": "6",
        "August": "6",
        "Sept": "6",
        "Oct": "6",
        "Nov": "6",
        "Dec": "7",
        "Area": "崇明县",
        "result02": "-1",
        "Birthday": "1961",
        "Region": "上海市",
        "Gender": "0",
        "Address": "西门北村54号303室"
    },
    {
        "CID": "11011613",
        "Jan": "23",
        "Feb": "21",
        "March": "23",
        "April": "24",
        "May": "21",
        "June": "13",
        "July": "11",
        "August": "7",
        "Sept": "9",
        "Oct": "8",
        "Nov": "14",
        "Dec": "19",
        "Area": "崇明县",
        "result02": "-1",
        "Birthday": "1973",
        "Region": "上海市",
        "Gender": "0",
        "Address": "西门北村54号405室"
    },
    {
        "CID": "11010498",
        "Jan": "4",
        "Feb": "5",
        "March": "4",
        "April": "3",
        "May": "4",
        "June": "3",
        "July": "4",
        "August": "4",
        "Sept": "4",
        "Oct": "4",
        "Nov": "5",
        "Dec": "4",
        "Area": "崇明县",
        "result02": "-1",
        "Birthday": "1955",
        "Region": "上海市",
        "Gender": "1",
        "Address": "西门北村16号401室"
    },
    {
        "CID": "11013041",
        "Jan": "28",
        "Feb": "26",
        "March": "25",
        "April": "28",
        "May": "25",
        "June": "16",
        "July": "24",
        "August": "12",
        "Sept": "10",
        "Oct": "13",
        "Nov": "13",
        "Dec": "20",
        "Area": "崇明县",
        "result02": "1",
        "Birthday": "1958",
        "Region": "上海市",
        "Gender": "1",
        "Address": "西门南村16号307室"
    },
    {
        "CID": "11035078",
        "Jan": "43",
        "Feb": "44",
        "March": "30",
        "April": "41",
        "May": "29",
        "June": "23",
        "July": "21",
        "August": "15",
        "Sept": "17",
        "Oct": "26",
        "Nov": "30",
        "Dec": "49",
        "Area": "崇明县",
        "result02": "1",
        "Birthday": "1983",
        "Region": "上海市",
        "Gender": "1",
        "Address": "育麟桥路188弄207号302室"
    },
    {
        "CID": "11010003",
        "Jan": "12",
        "Feb": "14",
        "March": "9",
        "April": "6",
        "May": "11",
        "June": "4",
        "July": "3",
        "August": "1",
        "Sept": "3",
        "Oct": "4",
        "Nov": "12",
        "Dec": "5",
        "Area": "崇明县",
        "result02": "-1",
        "Birthday": "1955",
        "Region": "上海市",
        "Gender": "0",
        "Address": "西门北村1号203室"
    },
    {
        "CID": "11010037",
        "Jan": "1",
        "Feb": "0",
        "March": "0",
        "April": "2",
        "May": "1",
        "June": "0",
        "July": "2",
        "August": "2",
        "Sept": "1",
        "Oct": "1",
        "Nov": "1",
        "Dec": "0",
        "Area": "崇明县",
        "result02": "-1",
        "Birthday": "1963",
        "Region": "上海市",
        "Gender": "0",
        "Address": "西门北村1号315室"
    },
    {
        "CID": "11010051",
        "Jan": "6",
        "Feb": "6",
        "March": "6",
        "April": "8",
        "May": "13",
        "June": "6",
        "July": "5",
        "August": "4",
        "Sept": "2",
        "Oct": "4",
        "Nov": "6",
        "Dec": "6",
        "Area": "崇明县",
        "result02": "-1",
        "Birthday": "1985",
        "Region": "上海市",
        "Gender": "1",
        "Address": "西门北村1号513室"
    },
    {
        "CID": "11010099",
        "Jan": "3",
        "Feb": "3",
        "March": "3",
        "April": "2",
        "May": "2",
        "June": "1",
        "July": "2",
        "August": "1",
        "Sept": "0",
        "Oct": "1",
        "Nov": "2",
        "Dec": "2",
        "Area": "崇明县",
        "result02": "-1",
        "Birthday": "1957",
        "Region": "上海市",
        "Gender": "0",
        "Address": "永凤花园32号407室"
    },
    {
        "CID": "11010165",
        "Jan": "6",
        "Feb": "6",
        "March": "6",
        "April": "5",
        "May": "4",
        "June": "7",
        "July": "3",
        "August": "2",
        "Sept": "3",
        "Oct": "3",
        "Nov": "6",
        "Dec": "6",
        "Area": "崇明县",
        "result02": "-1",
        "Birthday": "1987",
        "Region": "上海市",
        "Gender": "0",
        "Address": "西门北村4号104室"
    },
    {
        "CID": "11010175",
        "Jan": "2",
        "Feb": "13",
        "March": "5",
        "April": "1",
        "May": "4",
        "June": "2",
        "July": "1",
        "August": "2",
        "Sept": "2",
        "Oct": "3",
        "Nov": "3",
        "Dec": "2",
        "Area": "崇明县",
        "result02": "-1",
        "Birthday": "1984",
        "Region": "上海市",
        "Gender": "0",
        "Address": "西门北村4号207室"
    },
    {
        "CID": "11010192",
        "Jan": "4",
        "Feb": "4",
        "March": "7",
        "April": "4",
        "May": "2",
        "June": "1",
        "July": "2",
        "August": "1",
        "Sept": "0",
        "Oct": "0",
        "Nov": "1",
        "Dec": "1",
        "Area": "崇明县",
        "result02": "-1",
        "Birthday": "1978",
        "Region": "上海市",
        "Gender": "1",
        "Address": "西门北村4号408室"
    },
    {
        "CID": "11010359",
        "Jan": "4",
        "Feb": "3",
        "March": "3",
        "April": "2",
        "May": "4",
        "June": "4",
        "July": "3",
        "August": "2",
        "Sept": "2",
        "Oct": "3",
        "Nov": "2",
        "Dec": "3",
        "Area": "崇明县",
        "result02": "-1",
        "Birthday": "1979",
        "Region": "上海市",
        "Gender": "1",
        "Address": "西门北村10号501室"
    },
    {
        "CID": "11010396",
        "Jan": "8",
        "Feb": "10",
        "March": "14",
        "April": "8",
        "May": "7",
        "June": "8",
        "July": "6",
        "August": "5",
        "Sept": "7",
        "Oct": "5",
        "Nov": "7",
        "Dec": "11",
        "Area": "崇明县",
        "result02": "-1",
        "Birthday": "1958",
        "Region": "上海市",
        "Gender": "1",
        "Address": "西门北村11号302室"
    },
    {
        "CID": "11010398",
        "Jan": "7",
        "Feb": "10",
        "March": "12",
        "April": "7",
        "May": "14",
        "June": "6",
        "July": "7",
        "August": "9",
        "Sept": "6",
        "Oct": "7",
        "Nov": "7",
        "Dec": "14",
        "Area": "崇明县",
        "result02": "-1",
        "Birthday": "1985",
        "Region": "上海市",
        "Gender": "0",
        "Address": "西门北村11号304室"
    },
    {
        "CID": "11010462",
        "Jan": "23",
        "Feb": "18",
        "March": "23",
        "April": "15",
        "May": "16",
        "June": "14",
        "July": "14",
        "August": "12",
        "Sept": "12",
        "Oct": "12",
        "Nov": "28",
        "Dec": "18",
        "Area": "崇明县",
        "result02": "-1",
        "Birthday": "1979",
        "Region": "上海市",
        "Gender": "1",
        "Address": "西门北村14号504室"
    },
    {
        "CID": "11010662",
        "Jan": "9",
        "Feb": "6",
        "March": "5",
        "April": "5",
        "May": "7",
        "June": "6",
        "July": "4",
        "August": "3",
        "Sept": "2",
        "Oct": "2",
        "Nov": "3",
        "Dec": "6",
        "Area": "崇明县",
        "result02": "-1",
        "Birthday": "1979",
        "Region": "上海市",
        "Gender": "1",
        "Address": "西门北村20号405室"
    },
    {
        "CID": "11010687",
        "Jan": "1",
        "Feb": "1",
        "March": "1",
        "April": "0",
        "May": "0",
        "June": "3",
        "July": "1",
        "August": "2",
        "Sept": "1",
        "Oct": "1",
        "Nov": "2",
        "Dec": "0",
        "Area": "崇明县",
        "result02": "-1",
        "Birthday": "1991",
        "Region": "上海市",
        "Gender": "1",
        "Address": "西门北村21号102室"
    },
    {
        "CID": "11010701",
        "Jan": "2",
        "Feb": "5",
        "March": "5",
        "April": "0",
        "May": "1",
        "June": "1",
        "July": "0",
        "August": "0",
        "Sept": "0",
        "Oct": "0",
        "Nov": "0",
        "Dec": "1",
        "Area": "崇明县",
        "result02": "-1",
        "Birthday": "1976",
        "Region": "上海市",
        "Gender": "1",
        "Address": "西门北村21号502室"
    },
    {
        "CID": "11010714",
        "Jan": "10",
        "Feb": "9",
        "March": "7",
        "April": "9",
        "May": "9",
        "June": "9",
        "July": "11",
        "August": "7",
        "Sept": "4",
        "Oct": "7",
        "Nov": "8",
        "Dec": "8",
        "Area": "崇明县",
        "result02": "-1",
        "Birthday": "1979",
        "Region": "上海市",
        "Gender": "0",
        "Address": "西门北村21号407室"
    },
    {
        "CID": "11010753",
        "Jan": "4",
        "Feb": "6",
        "March": "6",
        "April": "8",
        "May": "5",
        "June": "4",
        "July": "4",
        "August": "3",
        "Sept": "4",
        "Oct": "3",
        "Nov": "2",
        "Dec": "3",
        "Area": "崇明县",
        "result02": "-1",
        "Birthday": "1983",
        "Region": "上海市",
        "Gender": "0",
        "Address": "西门北村22号108室"
    },
    {
        "CID": "11010836",
        "Jan": "14",
        "Feb": "11",
        "March": "9",
        "April": "9",
        "May": "7",
        "June": "8",
        "July": "8",
        "August": "8",
        "Sept": "4",
        "Oct": "2",
        "Nov": "5",
        "Dec": "9",
        "Area": "崇明县",
        "result02": "-1",
        "Birthday": "1958",
        "Region": "上海市",
        "Gender": "0",
        "Address": "西门北村26号207室"
    },
    {
        "CID": "11010929",
        "Jan": "7",
        "Feb": "5",
        "March": "5",
        "April": "7",
        "May": "6",
        "June": "6",
        "July": "7",
        "August": "8",
        "Sept": "7",
        "Oct": "5",
        "Nov": "5",
        "Dec": "5",
        "Area": "崇明县",
        "result02": "-1",
        "Birthday": "1978",
        "Region": "上海市",
        "Gender": "0",
        "Address": "西门北村31号302室"
    },
    {
        "CID": "11010931",
        "Jan": "0",
        "Feb": "2",
        "March": "1",
        "April": "2",
        "May": "2",
        "June": "2",
        "July": "2",
        "August": "2",
        "Sept": "2",
        "Oct": "2",
        "Nov": "2",
        "Dec": "0",
        "Area": "崇明县",
        "result02": "-1",
        "Birthday": "1952",
        "Region": "上海市",
        "Gender": "0",
        "Address": "西门北村31号304室"
    },
    {
        "CID": "11010974",
        "Jan": "9",
        "Feb": "10",
        "March": "10",
        "April": "7",
        "May": "7",
        "June": "8",
        "July": "6",
        "August": "5",
        "Sept": "4",
        "Oct": "6",
        "Nov": "10",
        "Dec": "8",
        "Area": "崇明县",
        "result02": "-1",
        "Birthday": "1994",
        "Region": "上海市",
        "Gender": "1",
        "Address": "西门北村33号404室"
    },
    {
        "CID": "11011016",
        "Jan": "3",
        "Feb": "3",
        "March": "5",
        "April": "4",
        "May": "5",
        "June": "4",
        "July": "4",
        "August": "3",
        "Sept": "3",
        "Oct": "2",
        "Nov": "4",
        "Dec": "4",
        "Area": "崇明县",
        "result02": "-1",
        "Birthday": "1954",
        "Region": "上海市",
        "Gender": "1",
        "Address": "西门北村34号108室"
    },
    {
        "CID": "11011064",
        "Jan": "7",
        "Feb": "8",
        "March": "10",
        "April": "9",
        "May": "9",
        "June": "8",
        "July": "8",
        "August": "8",
        "Sept": "6",
        "Oct": "5",
        "Nov": "7",
        "Dec": "5",
        "Area": "崇明县",
        "result02": "-1",
        "Birthday": "1975",
        "Region": "上海市",
        "Gender": "1",
        "Address": "西门北村36号505室"
    },
    {
        "CID": "11011132",
        "Jan": "22",
        "Feb": "24",
        "March": "18",
        "April": "19",
        "May": "16",
        "June": "14",
        "July": "14",
        "August": "14",
        "Sept": "15",
        "Oct": "15",
        "Nov": "12",
        "Dec": "25",
        "Area": "崇明县",
        "result02": "-1",
        "Birthday": "1978",
        "Region": "上海市",
        "Gender": "0",
        "Address": "西门北村38号409室"
    },
    {
        "CID": "11011178",
        "Jan": "4",
        "Feb": "6",
        "March": "9",
        "April": "4",
        "May": "3",
        "June": "6",
        "July": "6",
        "August": "5",
        "Sept": "4",
        "Oct": "5",
        "Nov": "7",
        "Dec": "5",
        "Area": "崇明县",
        "result02": "-1",
        "Birthday": "1981",
        "Region": "上海市",
        "Gender": "0",
        "Address": "西门北村41号304室"
    },
    {
        "CID": "11011211",
        "Jan": "1",
        "Feb": "2",
        "March": "2",
        "April": "1",
        "May": "2",
        "June": "2",
        "July": "1",
        "August": "0",
        "Sept": "2",
        "Oct": "1",
        "Nov": "2",
        "Dec": "1",
        "Area": "崇明县",
        "result02": "-1",
        "Birthday": "1967",
        "Region": "上海市",
        "Gender": "1",
        "Address": "西门北村41号311室"
    },
    {
        "CID": "11011223",
        "Jan": "11",
        "Feb": "10",
        "March": "9",
        "April": "9",
        "May": "7",
        "June": "9",
        "July": "7",
        "August": "8",
        "Sept": "7",
        "Oct": "7",
        "Nov": "10",
        "Dec": "9",
        "Area": "崇明县",
        "result02": "-1",
        "Birthday": "1969",
        "Region": "上海市",
        "Gender": "0",
        "Address": "西门北村42号103室"
    },
    {
        "CID": "11011277",
        "Jan": "2",
        "Feb": "0",
        "March": "0",
        "April": "0",
        "May": "0",
        "June": "0",
        "July": "0",
        "August": "0",
        "Sept": "2",
        "Oct": "2",
        "Nov": "1",
        "Dec": "0",
        "Area": "崇明县",
        "result02": "-1",
        "Birthday": "1955",
        "Region": "上海市",
        "Gender": "1",
        "Address": "西门北村42号512室"
    },
    {
        "CID": "11011289",
        "Jan": "15",
        "Feb": "22",
        "March": "17",
        "April": "13",
        "May": "13",
        "June": "9",
        "July": "12",
        "August": "12",
        "Sept": "14",
        "Oct": "14",
        "Nov": "11",
        "Dec": "15",
        "Area": "崇明县",
        "result02": "-1",
        "Birthday": "1977",
        "Region": "上海市",
        "Gender": "1",
        "Address": "西门北村35号401室"
    },
    {
        "CID": "11011318",
        "Jan": "11",
        "Feb": "9",
        "March": "9",
        "April": "19",
        "May": "6",
        "June": "6",
        "July": "7",
        "August": "6",
        "Sept": "5",
        "Oct": "8",
        "Nov": "8",
        "Dec": "7",
        "Area": "崇明县",
        "result02": "-1",
        "Birthday": "1976",
        "Region": "上海市",
        "Gender": "1",
        "Address": "西门北村35号607室"
    },
    {
        "CID": "11011328",
        "Jan": "13",
        "Feb": "7",
        "March": "6",
        "April": "11",
        "May": "9",
        "June": "19",
        "July": "2",
        "August": "0",
        "Sept": "3",
        "Oct": "8",
        "Nov": "11",
        "Dec": "11",
        "Area": "崇明县",
        "result02": "-1",
        "Birthday": "1985",
        "Region": "上海市",
        "Gender": "0",
        "Address": "西门北村43号304室"
    },
    {
        "CID": "11011347",
        "Jan": "14",
        "Feb": "14",
        "March": "15",
        "April": "17",
        "May": "11",
        "June": "7",
        "July": "4",
        "August": "4",
        "Sept": "6",
        "Oct": "8",
        "Nov": "7",
        "Dec": "12",
        "Area": "崇明县",
        "result02": "-1",
        "Birthday": "1987",
        "Region": "上海市",
        "Gender": "0",
        "Address": "西门北村43号407室"
    },
    {
        "CID": "11011382",
        "Jan": "12",
        "Feb": "12",
        "March": "16",
        "April": "11",
        "May": "11",
        "June": "10",
        "July": "9",
        "August": "8",
        "Sept": "8",
        "Oct": "8",
        "Nov": "10",
        "Dec": "9",
        "Area": "崇明县",
        "result02": "-1",
        "Birthday": "1973",
        "Region": "上海市",
        "Gender": "1",
        "Address": "西门北村44号305室"
    },
    {
        "CID": "11011391",
        "Jan": "10",
        "Feb": "6",
        "March": "9",
        "April": "7",
        "May": "4",
        "June": "5",
        "July": "3",
        "August": "4",
        "Sept": "3",
        "Oct": "5",
        "Nov": "7",
        "Dec": "9",
        "Area": "崇明县",
        "result02": "-1",
        "Birthday": "1981",
        "Region": "上海市",
        "Gender": "0",
        "Address": "西门北村44号507室"
    },
    {
        "CID": "11011436",
        "Jan": "1",
        "Feb": "4",
        "March": "3",
        "April": "3",
        "May": "3",
        "June": "2",
        "July": "15",
        "August": "2",
        "Sept": "3",
        "Oct": "1",
        "Nov": "2",
        "Dec": "2",
        "Area": "崇明县",
        "result02": "-1",
        "Birthday": "1978",
        "Region": "上海市",
        "Gender": "0",
        "Address": "西门北村45号508室"
    },
    {
        "CID": "11011450",
        "Jan": "15",
        "Feb": "14",
        "March": "17",
        "April": "11",
        "May": "8",
        "June": "7",
        "July": "5",
        "August": "5",
        "Sept": "10",
        "Oct": "10",
        "Nov": "13",
        "Dec": "15",
        "Area": "崇明县",
        "result02": "-1",
        "Birthday": "1965",
        "Region": "上海市",
        "Gender": "0",
        "Address": "西门北村46号404室"
    },
    {
        "CID": "11011457",
        "Jan": "10",
        "Feb": "9",
        "March": "10",
        "April": "9",
        "May": "6",
        "June": "7",
        "July": "6",
        "August": "2",
        "Sept": "4",
        "Oct": "5",
        "Nov": "8",
        "Dec": "10",
        "Area": "崇明县",
        "result02": "-1",
        "Birthday": "1970",
        "Region": "上海市",
        "Gender": "1",
        "Address": "西门北村46号604室"
    },
    {
        "CID": "11011477",
        "Jan": "22",
        "Feb": "20",
        "March": "16",
        "April": "14",
        "May": "15",
        "June": "10",
        "July": "12",
        "August": "7",
        "Sept": "7",
        "Oct": "8",
        "Nov": "14",
        "Dec": "12",
        "Area": "崇明县",
        "result02": "-1",
        "Birthday": "1976",
        "Region": "上海市",
        "Gender": "0",
        "Address": "西门北村46号608室"
    },
    {
        "CID": "11011498",
        "Jan": "9",
        "Feb": "7",
        "March": "8",
        "April": "12",
        "May": "13",
        "June": "8",
        "July": "8",
        "August": "6",
        "Sept": "6",
        "Oct": "4",
        "Nov": "9",
        "Dec": "9",
        "Area": "崇明县",
        "result02": "-1",
        "Birthday": "1992",
        "Region": "上海市",
        "Gender": "1",
        "Address": "西门北村50号301室"
    },
    {
        "CID": "11011507",
        "Jan": "7",
        "Feb": "5",
        "March": "7",
        "April": "5",
        "May": "5",
        "June": "12",
        "July": "4",
        "August": "4",
        "Sept": "3",
        "Oct": "3",
        "Nov": "3",
        "Dec": "5",
        "Area": "崇明县",
        "result02": "-1",
        "Birthday": "1988",
        "Region": "上海市",
        "Gender": "1",
        "Address": "西门北村50号502室"
    },
    {
        "CID": "11011586",
        "Jan": "2",
        "Feb": "1",
        "March": "2",
        "April": "2",
        "May": "2",
        "June": "2",
        "July": "2",
        "August": "0",
        "Sept": "1",
        "Oct": "2",
        "Nov": "2",
        "Dec": "2",
        "Area": "崇明县",
        "result02": "-1",
        "Birthday": "1980",
        "Region": "上海市",
        "Gender": "0",
        "Address": "西门北村53号101室"
    },
    {
        "CID": "11011635",
        "Jan": "7",
        "Feb": "13",
        "March": "14",
        "April": "6",
        "May": "7",
        "June": "5",
        "July": "5",
        "August": "6",
        "Sept": "5",
        "Oct": "5",
        "Nov": "6",
        "Dec": "7",
        "Area": "崇明县",
        "result02": "-1",
        "Birthday": "1971",
        "Region": "上海市",
        "Gender": "1",
        "Address": "西门北村55号106室"
    },
    {
        "CID": "11014514",
        "Jan": "32",
        "Feb": "33",
        "March": "26",
        "April": "34",
        "May": "36",
        "June": "26",
        "July": "20",
        "August": "17",
        "Sept": "16",
        "Oct": "24",
        "Nov": "18",
        "Dec": "25",
        "Area": "崇明县",
        "result02": "1",
        "Birthday": "1955",
        "Region": "上海市",
        "Gender": "0",
        "Address": "北门一村4号402室"
    },
    {
        "CID": "11017574",
        "Jan": "42",
        "Feb": "19",
        "March": "31",
        "April": "19",
        "May": "11",
        "June": "9",
        "July": "12",
        "August": "20",
        "Sept": "10",
        "Oct": "22",
        "Nov": "16",
        "Dec": "23",
        "Area": "崇明县",
        "result02": "1",
        "Birthday": "1981",
        "Region": "上海市",
        "Gender": "1",
        "Address": "湄洲新村72号101室"
    },
    {
        "CID": "11017831",
        "Jan": "34",
        "Feb": "43",
        "March": "30",
        "April": "31",
        "May": "23",
        "June": "20",
        "July": "9",
        "August": "10",
        "Sept": "8",
        "Oct": "17",
        "Nov": "17",
        "Dec": "31",
        "Area": "崇明县",
        "result02": "1",
        "Birthday": "1989",
        "Region": "上海市",
        "Gender": "1",
        "Address": "湄洲新村51号401室"
    },
    {
        "CID": "11018025",
        "Jan": "23",
        "Feb": "13",
        "March": "39",
        "April": "13",
        "May": "11",
        "June": "22",
        "July": "93",
        "August": "10",
        "Sept": "14",
        "Oct": "12",
        "Nov": "7",
        "Dec": "11",
        "Area": "崇明县",
        "result02": "1",
        "Birthday": "1971",
        "Region": "上海市",
        "Gender": "1",
        "Address": "小港新村21号202室"
    },
    {
        "CID": "11018502",
        "Jan": "29",
        "Feb": "26",
        "March": "26",
        "April": "24",
        "May": "17",
        "June": "18",
        "July": "16",
        "August": "15",
        "Sept": "10",
        "Oct": "14",
        "Nov": "13",
        "Dec": "23",
        "Area": "崇明县",
        "result02": "1",
        "Birthday": "1974",
        "Region": "上海市",
        "Gender": "1",
        "Address": "观潮新村58号502室"
    },
    {
        "CID": "11019606",
        "Jan": "33",
        "Feb": "19",
        "March": "33",
        "April": "12",
        "May": "13",
        "June": "12",
        "July": "11",
        "August": "20",
        "Sept": "15",
        "Oct": "16",
        "Nov": "16",
        "Dec": "20",
        "Area": "崇明县",
        "result02": "1",
        "Birthday": "1985",
        "Region": "上海市",
        "Gender": "0",
        "Address": "东门新村26号502室"
    },
    {
        "CID": "11020402",
        "Jan": "28",
        "Feb": "27",
        "March": "28",
        "April": "27",
        "May": "19",
        "June": "20",
        "July": "14",
        "August": "9",
        "Sept": "10",
        "Oct": "13",
        "Nov": "14",
        "Dec": "15",
        "Area": "崇明县",
        "result02": "1",
        "Birthday": "1985",
        "Region": "上海市",
        "Gender": "1",
        "Address": "新崇北路397号3幢603室"
    },
    {
        "CID": "11020453",
        "Jan": "24",
        "Feb": "29",
        "March": "31",
        "April": "24",
        "May": "17",
        "June": "19",
        "July": "15",
        "August": "12",
        "Sept": "12",
        "Oct": "20",
        "Nov": "19",
        "Dec": "20",
        "Area": "崇明县",
        "result02": "1",
        "Birthday": "1962",
        "Region": "上海市",
        "Gender": "0",
        "Address": "新崇西路124号602室"
    },
    {
        "CID": "11021354",
        "Jan": "29",
        "Feb": "31",
        "March": "28",
        "April": "31",
        "May": "22",
        "June": "18",
        "July": "12",
        "August": "6",
        "Sept": "9",
        "Oct": "15",
        "Nov": "16",
        "Dec": "22",
        "Area": "崇明县",
        "result02": "1",
        "Birthday": "1978",
        "Region": "上海市",
        "Gender": "1",
        "Address": "永凤花园19号304室"
    },
    {
        "CID": "11021412",
        "Jan": "35",
        "Feb": "44",
        "March": "30",
        "April": "26",
        "May": "22",
        "June": "14",
        "July": "26",
        "August": "7",
        "Sept": "5",
        "Oct": "10",
        "Nov": "12",
        "Dec": "27",
        "Area": "崇明县",
        "result02": "1",
        "Birthday": "1984",
        "Region": "上海市",
        "Gender": "1",
        "Address": "江山新村72号403室"
    },
    {
        "CID": "11021627",
        "Jan": "31",
        "Feb": "24",
        "March": "23",
        "April": "22",
        "May": "21",
        "June": "16",
        "July": "16",
        "August": "17",
        "Sept": "16",
        "Oct": "20",
        "Nov": "23",
        "Dec": "28",
        "Area": "崇明县",
        "result02": "1",
        "Birthday": "1990",
        "Region": "上海市",
        "Gender": "0",
        "Address": "寒山寺路678号606室"
    },
    {
        "CID": "11021672",
        "Jan": "43",
        "Feb": "62",
        "March": "41",
        "April": "29",
        "May": "20",
        "June": "17",
        "July": "11",
        "August": "16",
        "Sept": "17",
        "Oct": "13",
        "Nov": "17",
        "Dec": "24",
        "Area": "崇明县",
        "result02": "1",
        "Birthday": "1970",
        "Region": "上海市",
        "Gender": "1",
        "Address": "新崇西路27号502室"
    },
    {
        "CID": "11021929",
        "Jan": "27",
        "Feb": "25",
        "March": "24",
        "April": "19",
        "May": "19",
        "June": "16",
        "July": "15",
        "August": "10",
        "Sept": "15",
        "Oct": "17",
        "Nov": "17",
        "Dec": "22",
        "Area": "崇明县",
        "result02": "1",
        "Birthday": "1981",
        "Region": "上海市",
        "Gender": "0",
        "Address": "湄洲新村76号604室"
    },
    {
        "CID": "11022051",
        "Jan": "30",
        "Feb": "26",
        "March": "27",
        "April": "25",
        "May": "19",
        "June": "10",
        "July": "9",
        "August": "9",
        "Sept": "9",
        "Oct": "12",
        "Nov": "12",
        "Dec": "21",
        "Area": "崇明县",
        "result02": "1",
        "Birthday": "1983",
        "Region": "上海市",
        "Gender": "1",
        "Address": "寒山寺路688号501室"
    },
    {
        "CID": "11022076",
        "Jan": "40",
        "Feb": "36",
        "March": "36",
        "April": "16",
        "May": "19",
        "June": "20",
        "July": "11",
        "August": "9",
        "Sept": "10",
        "Oct": "11",
        "Nov": "15",
        "Dec": "30",
        "Area": "崇明县",
        "result02": "1",
        "Birthday": "1978",
        "Region": "上海市",
        "Gender": "0",
        "Address": "玉环新村25号402室"
    },
    {
        "CID": "11023290",
        "Jan": "77",
        "Feb": "67",
        "March": "66",
        "April": "61",
        "May": "38",
        "June": "32",
        "July": "23",
        "August": "25",
        "Sept": "23",
        "Oct": "28",
        "Nov": "27",
        "Dec": "75",
        "Area": "崇明县",
        "result02": "1",
        "Birthday": "1967",
        "Region": "上海市",
        "Gender": "0",
        "Address": "西门北村20号501室"
    },
    {
        "CID": "11023512",
        "Jan": "25",
        "Feb": "32",
        "March": "24",
        "April": "21",
        "May": "20",
        "June": "16",
        "July": "14",
        "August": "12",
        "Sept": "16",
        "Oct": "14",
        "Nov": "15",
        "Dec": "20",
        "Area": "崇明县",
        "result02": "1",
        "Birthday": "1985",
        "Region": "上海市",
        "Gender": "1",
        "Address": "江山新村48号601室"
    },
    {
        "CID": "11023574",
        "Jan": "30",
        "Feb": "26",
        "March": "29",
        "April": "21",
        "May": "20",
        "June": "14",
        "July": "17",
        "August": "13",
        "Sept": "15",
        "Oct": "16",
        "Nov": "16",
        "Dec": "28",
        "Area": "崇明县",
        "result02": "1",
        "Birthday": "1979",
        "Region": "上海市",
        "Gender": "0",
        "Address": "湄洲新村54号404室"
    },
    {
        "CID": "11023936",
        "Jan": "27",
        "Feb": "30",
        "March": "36",
        "April": "23",
        "May": "20",
        "June": "10",
        "July": "10",
        "August": "8",
        "Sept": "5",
        "Oct": "8",
        "Nov": "10",
        "Dec": "17",
        "Area": "崇明县",
        "result02": "1",
        "Birthday": "1967",
        "Region": "上海市",
        "Gender": "1",
        "Address": "兴贤街27号204室"
    },
    {
        "CID": "11024995",
        "Jan": "46",
        "Feb": "63",
        "March": "43",
        "April": "45",
        "May": "27",
        "June": "34",
        "July": "21",
        "August": "16",
        "Sept": "18",
        "Oct": "24",
        "Nov": "22",
        "Dec": "40",
        "Area": "崇明县",
        "result02": "1",
        "Birthday": "1971",
        "Region": "上海市",
        "Gender": "1",
        "Address": "江山新村49号103室"
    },
    {
        "CID": "11025430",
        "Jan": "25",
        "Feb": "25",
        "March": "24",
        "April": "22",
        "May": "19",
        "June": "18",
        "July": "14",
        "August": "14",
        "Sept": "11",
        "Oct": "13",
        "Nov": "16",
        "Dec": "22",
        "Area": "崇明县",
        "result02": "1",
        "Birthday": "1965",
        "Region": "上海市",
        "Gender": "0",
        "Address": "八一路599弄5号605室"
    },
    {
        "CID": "11026314",
        "Jan": "49",
        "Feb": "41",
        "March": "41",
        "April": "37",
        "May": "26",
        "June": "18",
        "July": "12",
        "August": "11",
        "Sept": "12",
        "Oct": "15",
        "Nov": "26",
        "Dec": "35",
        "Area": "崇明县",
        "result02": "1",
        "Birthday": "1980",
        "Region": "上海市",
        "Gender": "0",
        "Address": "南门路218号1幢406室"
    },
    {
        "CID": "11026423",
        "Jan": "32",
        "Feb": "116",
        "March": "108",
        "April": "21",
        "May": "16",
        "June": "11",
        "July": "10",
        "August": "9",
        "Sept": "7",
        "Oct": "9",
        "Nov": "7",
        "Dec": "13",
        "Area": "崇明县",
        "result02": "1",
        "Birthday": "1980",
        "Region": "上海市",
        "Gender": "0",
        "Address": "湄洲新村65号101室"
    },
    {
        "CID": "11026659",
        "Jan": "32",
        "Feb": "29",
        "March": "31",
        "April": "28",
        "May": "28",
        "June": "19",
        "July": "16",
        "August": "14",
        "Sept": "15",
        "Oct": "18",
        "Nov": "20",
        "Dec": "27",
        "Area": "崇明县",
        "result02": "1",
        "Birthday": "1975",
        "Region": "上海市",
        "Gender": "1",
        "Address": "观潮新村50号丁402室"
    },
    {
        "CID": "11026688",
        "Jan": "27",
        "Feb": "38",
        "March": "22",
        "April": "16",
        "May": "26",
        "June": "16",
        "July": "12",
        "August": "12",
        "Sept": "16",
        "Oct": "25",
        "Nov": "22",
        "Dec": "27",
        "Area": "崇明县",
        "result02": "1",
        "Birthday": "1992",
        "Region": "上海市",
        "Gender": "1",
        "Address": "八一路769弄14号602室"
    },
    {
        "CID": "11026777",
        "Jan": "41",
        "Feb": "28",
        "March": "34",
        "April": "23",
        "May": "14",
        "June": "12",
        "July": "12",
        "August": "18",
        "Sept": "11",
        "Oct": "11",
        "Nov": "12",
        "Dec": "21",
        "Area": "崇明县",
        "result02": "1",
        "Birthday": "1968",
        "Region": "上海市",
        "Gender": "0",
        "Address": "中街山路118号52幢502室"
    },
    {
        "CID": "11027061",
        "Jan": "29",
        "Feb": "29",
        "March": "27",
        "April": "19",
        "May": "18",
        "June": "15",
        "July": "15",
        "August": "11",
        "Sept": "18",
        "Oct": "19",
        "Nov": "22",
        "Dec": "28",
        "Area": "崇明县",
        "result02": "1",
        "Birthday": "1972",
        "Region": "上海市",
        "Gender": "0",
        "Address": "东门新村40号204室"
    },
    {
        "CID": "11028547",
        "Jan": "29",
        "Feb": "36",
        "March": "28",
        "April": "26",
        "May": "24",
        "June": "18",
        "July": "13",
        "August": "5",
        "Sept": "17",
        "Oct": "21",
        "Nov": "19",
        "Dec": "30",
        "Area": "崇明县",
        "result02": "1",
        "Birthday": "1975",
        "Region": "上海市",
        "Gender": "1",
        "Address": "育麟桥路188弄6号201室"
    },
    {
        "CID": "11028855",
        "Jan": "39",
        "Feb": "29",
        "March": "25",
        "April": "36",
        "May": "26",
        "June": "24",
        "July": "13",
        "August": "8",
        "Sept": "9",
        "Oct": "15",
        "Nov": "15",
        "Dec": "18",
        "Area": "崇明县",
        "result02": "1",
        "Birthday": "1976",
        "Region": "上海市",
        "Gender": "0",
        "Address": "育麟桥路188弄293号102室"
    },
    {
        "CID": "11028920",
        "Jan": "42",
        "Feb": "44",
        "March": "48",
        "April": "44",
        "May": "29",
        "June": "13",
        "July": "10",
        "August": "6",
        "Sept": "4",
        "Oct": "7",
        "Nov": "8",
        "Dec": "20",
        "Area": "崇明县",
        "result02": "1",
        "Birthday": "1977",
        "Region": "上海市",
        "Gender": "0",
        "Address": "西门北村56号602室"
    },
    {
        "CID": "11028988",
        "Jan": "25",
        "Feb": "27",
        "March": "36",
        "April": "47",
        "May": "39",
        "June": "20",
        "July": "22",
        "August": "15",
        "Sept": "13",
        "Oct": "20",
        "Nov": "24",
        "Dec": "27",
        "Area": "崇明县",
        "result02": "1",
        "Birthday": "1975",
        "Region": "上海市",
        "Gender": "1",
        "Address": "西门路501弄17号101室"
    },
    {
        "CID": "11029586",
        "Jan": "27",
        "Feb": "33",
        "March": "32",
        "April": "24",
        "May": "20",
        "June": "17",
        "July": "14",
        "August": "12",
        "Sept": "11",
        "Oct": "17",
        "Nov": "15",
        "Dec": "22",
        "Area": "崇明县",
        "result02": "1",
        "Birthday": "1950",
        "Region": "上海市",
        "Gender": "1",
        "Address": "西门路501弄37号702室"
    },
    {
        "CID": "11032063",
        "Jan": "17",
        "Feb": "35",
        "March": "22",
        "April": "22",
        "May": "34",
        "June": "19",
        "July": "14",
        "August": "16",
        "Sept": "19",
        "Oct": "13",
        "Nov": "12",
        "Dec": "11",
        "Area": "崇明县",
        "result02": "1",
        "Birthday": "1950",
        "Region": "上海市",
        "Gender": "1",
        "Address": "裕鸿佳苑裕盛路111弄137号302室"
    },
    {
        "CID": "11032158",
        "Jan": "43",
        "Feb": "65",
        "March": "42",
        "April": "41",
        "May": "30",
        "June": "22",
        "July": "13",
        "August": "11",
        "Sept": "14",
        "Oct": "16",
        "Nov": "22",
        "Dec": "43",
        "Area": "崇明县",
        "result02": "1",
        "Birthday": "1946",
        "Region": "上海市",
        "Gender": "1",
        "Address": "八一路599弄12号102室"
    },
    {
        "CID": "11034834",
        "Jan": "33",
        "Feb": "29",
        "March": "32",
        "April": "24",
        "May": "31",
        "June": "19",
        "July": "17",
        "August": "9",
        "Sept": "14",
        "Oct": "15",
        "Nov": "26",
        "Dec": "32",
        "Area": "崇明县",
        "result02": "1",
        "Birthday": "1951",
        "Region": "上海市",
        "Gender": "1",
        "Address": "鼓浪屿路1000弄108号301室"
    },
    {
        "CID": "11028675",
        "Jan": "49",
        "Feb": "40",
        "March": "48",
        "April": "36",
        "May": "28",
        "June": "20",
        "July": "15",
        "August": "10",
        "Sept": "11",
        "Oct": "17",
        "Nov": "23",
        "Dec": "39",
        "Area": "崇明县",
        "result02": "1",
        "Birthday": "1987",
        "Region": "江苏省",
        "Gender": "1",
        "Address": "育麟桥路188弄226号402室"
    },
    {
        "CID": "11025226",
        "Jan": "45",
        "Feb": "41",
        "March": "37",
        "April": "47",
        "May": "36",
        "June": "17",
        "July": "16",
        "August": "15",
        "Sept": "17",
        "Oct": "20",
        "Nov": "24",
        "Dec": "29",
        "Area": "崇明县",
        "result02": "1",
        "Birthday": "1981",
        "Region": "江苏省",
        "Gender": "1",
        "Address": "八一路599弄32号407室"
    },
    {
        "CID": "11026072",
        "Jan": "26",
        "Feb": "32",
        "March": "28",
        "April": "25",
        "May": "17",
        "June": "13",
        "July": "11",
        "August": "8",
        "Sept": "7",
        "Oct": "9",
        "Nov": "11",
        "Dec": "17",
        "Area": "崇明县",
        "result02": "1",
        "Birthday": "1970",
        "Region": "江苏省",
        "Gender": "0",
        "Address": "小港新村23号101室"
    },
    {
        "CID": "11030072",
        "Jan": "33",
        "Feb": "38",
        "March": "33",
        "April": "26",
        "May": "21",
        "June": "23",
        "July": "20",
        "August": "15",
        "Sept": "16",
        "Oct": "20",
        "Nov": "24",
        "Dec": "32",
        "Area": "崇明县",
        "result02": "1",
        "Birthday": "1987",
        "Region": "江苏省",
        "Gender": "0",
        "Address": "育麟桥路188弄200号602室"
    },
    {
        "CID": "11026051",
        "Jan": "35",
        "Feb": "36",
        "March": "28",
        "April": "32",
        "May": "23",
        "June": "20",
        "July": "14",
        "August": "13",
        "Sept": "12",
        "Oct": "14",
        "Nov": "18",
        "Dec": "26",
        "Area": "崇明县",
        "result02": "1",
        "Birthday": "1983",
        "Region": "江苏省",
        "Gender": "0",
        "Address": "西门北村88号302室"
    },
    {
        "CID": "11031213",
        "Jan": "35",
        "Feb": "49",
        "March": "34",
        "April": "27",
        "May": "17",
        "June": "15",
        "July": "13",
        "August": "12",
        "Sept": "15",
        "Oct": "18",
        "Nov": "18",
        "Dec": "22",
        "Area": "崇明县",
        "result02": "1",
        "Birthday": "1985",
        "Region": "江苏省",
        "Gender": "1",
        "Address": "东引路877弄131号302室"
    },
    {
        "CID": "11023332",
        "Jan": "33",
        "Feb": "41",
        "March": "33",
        "April": "27",
        "May": "19",
        "June": "22",
        "July": "13",
        "August": "13",
        "Sept": "11",
        "Oct": "13",
        "Nov": "13",
        "Dec": "23",
        "Area": "崇明县",
        "result02": "1",
        "Birthday": "1973",
        "Region": "安徽省",
        "Gender": "1",
        "Address": "江山新村64号403室"
    },
    {
        "CID": "11010446",
        "Jan": "4",
        "Feb": "1",
        "March": "0",
        "April": "0",
        "May": "2",
        "June": "3",
        "July": "2",
        "August": "2",
        "Sept": "2",
        "Oct": "0",
        "Nov": "1",
        "Dec": "0",
        "Area": "崇明县",
        "result02": "-1",
        "Birthday": "1985",
        "Region": "福建省",
        "Gender": "0",
        "Address": "西门北村13号602室"
    },
    {
        "CID": "11011192",
        "Jan": "6",
        "Feb": "6",
        "March": "7",
        "April": "3",
        "May": "5",
        "June": "6",
        "July": "6",
        "August": "5",
        "Sept": "6",
        "Oct": "5",
        "Nov": "5",
        "Dec": "7",
        "Area": "崇明县",
        "result02": "-1",
        "Birthday": "1976",
        "Region": "山东省",
        "Gender": "0",
        "Address": "西门北村41号206室"
    },
    {
        "CID": "11031446",
        "Jan": "32",
        "Feb": "21",
        "March": "30",
        "April": "21",
        "May": "21",
        "June": "16",
        "July": "12",
        "August": "11",
        "Sept": "14",
        "Oct": "14",
        "Nov": "18",
        "Dec": "23",
        "Area": "崇明县",
        "result02": "1",
        "Birthday": "1978",
        "Region": "河南省",
        "Gender": "1",
        "Address": "湄洲路1288弄81号601室"
    },
    {
        "CID": "11027387",
        "Jan": "28",
        "Feb": "35",
        "March": "27",
        "April": "21",
        "May": "18",
        "June": "13",
        "July": "12",
        "August": "10",
        "Sept": "10",
        "Oct": "12",
        "Nov": "15",
        "Dec": "23",
        "Area": "崇明县",
        "result02": "1",
        "Birthday": "1990",
        "Region": "河南省",
        "Gender": "0",
        "Address": "育麟桥路188弄160号402室"
    },
    {
        "CID": "11010308",
        "Jan": "13",
        "Feb": "13",
        "March": "12",
        "April": "9",
        "May": "7",
        "June": "10",
        "July": "11",
        "August": "10",
        "Sept": "10",
        "Oct": "18",
        "Nov": "9",
        "Dec": "11",
        "Area": "崇明县",
        "result02": "-1",
        "Birthday": "1982",
        "Region": "四川省",
        "Gender": "0",
        "Address": "西门北村8号508室"
    },
    {
        "CID": "11011231",
        "Jan": "14",
        "Feb": "12",
        "March": "13",
        "April": "11",
        "May": "10",
        "June": "8",
        "July": "7",
        "August": "8",
        "Sept": "5",
        "Oct": "8",
        "Nov": "8",
        "Dec": "8",
        "Area": "崇明县",
        "result02": "-1",
        "Birthday": "1981",
        "Region": "四川省",
        "Gender": "1",
        "Address": "西门北村42号304室"
    }
]