[
    {
        "name": "宝山区",
        "value": "17920"
    },
    {
        "name": "虹口区",
        "value": "5942"
    },
    {
        "name": "嘉定区",
        "value": "23"
    },
    {
        "name": "金山区",
        "value": "1285"
    },
    {
        "name": "静安北",
        "value": "7570"
    },
    {
        "name": "浦东新区",
        "value": "5020"
    },
    {
        "name": "普陀区",
        "value": "10326"
    },
    {
        "name": "杨浦区",
        "value": "9238"
    },
    {
        "name": "崇明县",
        "value": "469"
    },
    {
        "name": "总计",
        "value": "57793"
    }
]