[
    {
        "name": "北京市",
        "value": "112"
    },
    {
        "name": "天津市",
        "value": "69"
    },
    {
        "name": "河北省",
        "value": "374"
    },
    {
        "name": "山西省",
        "value": "250"
    },
    {
        "name": "内蒙古自治区",
        "value": "161"
    },
    {
        "name": "辽宁省",
        "value": "346"
    },
    {
        "name": "吉林省",
        "value": "271"
    },
    {
        "name": "黑龙江省",
        "value": "462"
    },
    {
        "name": "上海市",
        "value": "41659"
    },
    {
        "name": "江苏省",
        "value": "4010"
    },
    {
        "name": "浙江省",
        "value": "1886"
    },
    {
        "name": "安徽省",
        "value": "1990"
    },
    {
        "name": "福建省",
        "value": "529"
    },
    {
        "name": "江西省",
        "value": "1042"
    },
    {
        "name": "山东省",
        "value": "815"
    },
    {
        "name": "河南省",
        "value": "744"
    },
    {
        "name": "湖北省",
        "value": "749"
    },
    {
        "name": "湖南省",
        "value": "395"
    },
    {
        "name": "广东省",
        "value": "173"
    },
    {
        "name": "广西壮族自治区",
        "value": "65"
    },
    {
        "name": "海南省",
        "value": "20"
    },
    {
        "name": "重庆市",
        "value": "36"
    },
    {
        "name": "四川省",
        "value": "481"
    },
    {
        "name": "贵州省",
        "value": "169"
    },
    {
        "name": "云南省",
        "value": "86"
    },
    {
        "name": "西藏自治区",
        "value": "3"
    },
    {
        "name": "陕西省",
        "value": "305"
    },
    {
        "name": "甘肃省",
        "value": "214"
    },
    {
        "name": "青海省",
        "value": "40"
    },
    {
        "name": "宁夏回族自治区",
        "value": "39"
    },
    {
        "name": "新疆维吾尔自治区",
        "value": "293"
    },
    {
        "name": "台湾省",
        "value": "0"
    },
    {
        "name": "香港特别行政区",
        "value": "0"
    },
    {
        "name": "澳门特别行政区",
        "value": "0"
    },
    {
        "name": "其他（可能有误）",
        "value": "5"
    },
    {
        "name": "总计",
        "value": "57793"
    }
]